insert into teacher (teanum, teaName, teatitle, teatypeid, teabtd, pwd, static)
values ('19830401', '陈淑珍', '教授', '教师', '1983-7-16', 1, 1)
    insert
into teacher (teanum, teaName, teatitle, teatypeid, teabtd, pwd, static)
values ('19810501', '刘柳', '教授', '教师', '1981-5-19', 1, 1)
insert into teacher (teanum, teaName, teatitle, teatypeid, teabtd, pwd, static)
values ('19910501', '姬红霞', '讲师', '教师', '1991-11-3', 1, 1)
insert into teacher (teanum, teaName, teatitle, teatypeid, teabtd, pwd, static)
values ('19860501', '陈淑珍', '副教授', '教师', '1986-3-27', 1, 1)
insert into teacher (teanum, teaName, teatitle, teatypeid, teabtd, pwd, static)
values ('19840501', '段瑞', '讲师', '教师', '1984-10-1', 1, 1)
insert into teacher (teanum, teaName, teatitle, teatypeid, teabtd, pwd, static)
values ('19810102', '周建平', '讲师', '教师', '1981-7-8', 1, 1)
insert into teacher (teanum, teaName, teatitle, teatypeid, teabtd, pwd, static)
values ('19820191', '赵明', '讲师', '教师', '1982-12-17', 1, 1)
insert into teacher (teanum, teaName, teatitle, teatypeid, teabtd, pwd, static)
values ('19900101', '邓晨', '讲师', '教师', '1990-1-29', 1, 1)
insert into teacher (teanum, teaName, teatitle, teatypeid, teabtd, pwd, static)
values ('19920191', '柯玉华', '教授', '教师', '1992-10-24', 1, 1)
insert into teacher (teanum, teaName, teatitle, teatypeid, teabtd, pwd, static)
values ('19910002', '张曼丽', '助教', '导员', '1991-5-17', 1, 1)
insert into teacher (teanum, teaName, teatitle, teatypeid, teabtd, pwd, static)
values ('19910003', '李可', '助教', '导员', '1991-5-17', 1, 1)
insert into teacher (teanum, teaName, teatitle, teatypeid, teabtd, pwd, static)
values ('19870101', '唐磊', '教授', '教师', '1987-6-7', 1, 1)
insert into teacher (teanum, teaName, teatitle, teatypeid, teabtd, pwd, static)
values ('19860402', '张桂兰', '副教授', '教师', '1986-8-28', 1, 1)
insert into teacher (teanum, teaName, teatitle, teatypeid, teabtd, pwd, static)
values ('19870502', '谭丽华', '副教授', '教师', '1987-3-3', 1, 1)
insert into teacher (teanum, teaName, teatitle, teatypeid, teabtd, pwd, static)
values ('19940401', '赵兰英', '教授', '教师', '1994-1-5', 1, 1)


insert into lesson(lesname, context, score, hours)
values ('Java', 'Java', 4, 56)
insert into lesson(lesname, context, score, hours)
values ('python', 'python', 3, 48)
insert into lesson(lesname, context, score, hours)
values ('C', 'C', 3, 48)
insert into lesson(lesname, context, score, hours)
values ('C++', 'C++', 4, 56)
insert into lesson(lesname, context, score, hours)
values ('数据结构', '数据结构', 3, 45)
insert into lesson(lesname, context, score, hours)
values ('英语', '英语', 1, 48)

insert into classinfo (clsName, grade, teaNum)
values ('计类1班', '2019', '19910002')
insert into classinfo (clsName, grade, teaNum)
values ('计类2班', '2019', '19910002')
insert into classinfo (clsName, grade, teaNum)
values ('计类3班', '2019', '19910002')
insert into classinfo (clsName, grade, teaNum)
values ('计类4班', '2019', '19910003')
insert into classinfo (clsName, grade, teaNum)
values ('计类5班', '2019', '19910003')
insert into classinfo (clsName, grade, teaNum)
values ('计类6班', '2019', '19910003')
insert into classinfo (clsName, grade, teaNum)
values ('计类7班', '2019', '19910002')
insert into classinfo (clsName, grade, teaNum)
values ('计类8班', '2019', '19910003')
insert into classinfo (clsName, grade, teaNum)
values ('通信1班', '2019', '19910002')
insert into classinfo (clsName, grade, teaNum)
values ('通信2班', '2019', '19910002')
insert into classinfo (clsName, grade, teaNum)
values ('数科1班', '2019', '19910003')
insert into classinfo (clsName, grade, teaNum)
values ('数科2班', '2019', '19910002')


insert into student (stunum, clsid, stuname, stubtd, pwd, static, sex)
values (201907010101, 1, '离宇九娅', '2000-12-29', 1, 1, 0)
insert into student (stunum, clsid, stuname, stubtd, pwd, static, sex)
values (201907010102, 2, '居时', '2001-1-18', 1, 1, 1)
insert into student (stunum, clsid, stuname, stubtd, pwd, static, sex)
values (201907010103, 3, '冀爱', '2001-6-26', 1, 1, 0)
insert into student (stunum, clsid, stuname, stubtd, pwd, static, sex)
values (201907010104, 4, '童易绍', '2001-7-28', 1, 1, 1)
insert into student (stunum, clsid, stuname, stubtd, pwd, static, sex)
values (201907010105, 5, '梁段易岚', '2002-7-15', 1, 1, 0)
insert into student (stunum, clsid, stuname, stubtd, pwd, static, sex)
values (201907010106, 6, '解信瑞', '2001-1-11', 1, 1, 0)
insert into student (stunum, clsid, stuname, stubtd, pwd, static, sex)
values (201907010107, 7, '霍孝政', '2001-5-2', 1, 1, 1)
insert into student (stunum, clsid, stuname, stubtd, pwd, static, sex)
values (201907010108, 8, '温好育', '2001-1-22', 1, 1, 0)
insert into student (stunum, clsid, stuname, stubtd, pwd, static, sex)
values (201907010109, 9, '严梁', '2000-4-23', 1, 1, 1)
insert into student (stunum, clsid, stuname, stubtd, pwd, static, sex)
values (201907010110, 10, '郝信庆', '2001-7-2', 1, 1, 1)
insert into student (stunum, clsid, stuname, stubtd, pwd, static, sex)
values (201907010111, 11, '居加文', '2001-5-14', 1, 1, 1)
insert into student (stunum, clsid, stuname, stubtd, pwd, static, sex)
values (201907010112, 12, '顾电轮', '2001-12-6', 1, 1, 1)
insert into student (stunum, clsid, stuname, stubtd, pwd, static, sex)
values (201907010113, 1, '邢电伯', '2001-11-22', 1, 1, 1)
insert into student (stunum, clsid, stuname, stubtd, pwd, static, sex)
values (201907010114, 2, '苍加晓', '1999-8-7', 1, 1, 0)
insert into student (stunum, clsid, stuname, stubtd, pwd, static, sex)
values (201907010115, 3, '乌心', '2001-8-13', 1, 1, 1)
insert into student (stunum, clsid, stuname, stubtd, pwd, static, sex)
values (201907010116, 4, '童无辰', '2001-4-6', 1, 1, 1)
insert into student (stunum, clsid, stuname, stubtd, pwd, static, sex)
values (201907010117, 5, '国发', '2000-5-30', 1, 1, 1)
insert into student (stunum, clsid, stuname, stubtd, pwd, static, sex)
values (201907010118, 6, '红寒', '2001-12-20', 1, 1, 0)
insert into student (stunum, clsid, stuname, stubtd, pwd, static, sex)
values (201907010119, 7, '水玉莺', '2001-8-3', 1, 1, 0)
insert into student (stunum, clsid, stuname, stubtd, pwd, static, sex)
values (201907010120, 8, '庄被生', '2000-8-3', 1, 1, 1)
insert into student (stunum, clsid, stuname, stubtd, pwd, static, sex)
values (201907010121, 9, '闫东', '2001-1-16', 1, 1, 1)
insert into student (stunum, clsid, stuname, stubtd, pwd, static, sex)
values (201907010122, 10, '邓加文', '2000-4-8', 1, 1, 1)
insert into student (stunum, clsid, stuname, stubtd, pwd, static, sex)
values (201907010123, 11, '倪淑', '2001-12-23', 1, 1, 0)
insert into student (stunum, clsid, stuname, stubtd, pwd, static, sex)
values (201907010124, 12, '詹都卿', '2000-3-14', 1, 1, 0)
insert into student (stunum, clsid, stuname, stubtd, pwd, static, sex)
values (201907010125, 1, '安易鹏', '2001-1-19', 1, 1, 1)
insert into student (stunum, clsid, stuname, stubtd, pwd, static, sex)
values (201907010126, 2, '马雪', '2001-4-15', 1, 1, 0)
insert into student (stunum, clsid, stuname, stubtd, pwd, static, sex)
values (201907010127, 3, '景忠斌', '2001-2-18', 1, 1, 1)
insert into student (stunum, clsid, stuname, stubtd, pwd, static, sex)
values (201907010128, 4, '牧玉富', '2001-8-1', 1, 1, 1)
insert into student (stunum, clsid, stuname, stubtd, pwd, static, sex)
values (201907010129, 5, '甫尉文', '2001-4-18', 1, 1, 1)
insert into student (stunum, clsid, stuname, stubtd, pwd, static, sex)
values (201907010130, 6, '端木九清', '2001-4-29', 1, 1, 1)
insert into student (stunum, clsid, stuname, stubtd, pwd, static, sex)
values (201907010131, 7, '湛乐', '2001-3-1', 1, 1, 1)
insert into student (stunum, clsid, stuname, stubtd, pwd, static, sex)
values (201907010132, 8, '傅豪', '2001-9-7', 1, 1, 1)
insert into student (stunum, clsid, stuname, stubtd, pwd, static, sex)
values (201907010201, 9, '祁姣', '2001-9-30', 1, 1, 0)
insert into student (stunum, clsid, stuname, stubtd, pwd, static, sex)
values (201907010202, 10, '平纯', '2000-8-26', 1, 1, 0)
insert into student (stunum, clsid, stuname, stubtd, pwd, static, sex)
values (201907010203, 11, '钟孝风', '2001-1-15', 1, 1, 1)
insert into student (stunum, clsid, stuname, stubtd, pwd, static, sex)
values (201907010204, 12, '邹贝彪', '2001-7-6', 1, 1, 1)
insert into student (stunum, clsid, stuname, stubtd, pwd, static, sex)
values (201907010205, 1, '习翔', '2001-1-29', 1, 1, 1)
insert into student (stunum, clsid, stuname, stubtd, pwd, static, sex)
values (201907010206, 2, '屈婷', '2001-12-9', 1, 1, 0)
insert into student (stunum, clsid, stuname, stubtd, pwd, static, sex)
values (201907010207, 3, '凤泰', '2001-5-23', 1, 1, 1)
insert into student (stunum, clsid, stuname, stubtd, pwd, static, sex)
values (201907010208, 4, '安卡波', '2002-6-29', 1, 1, 1)
insert into student (stunum, clsid, stuname, stubtd, pwd, static, sex)
values (201907010209, 5, '祖孝建', '2001-5-5', 1, 1, 1)
insert into student (stunum, clsid, stuname, stubtd, pwd, static, sex)
values (201907010210, 6, '冉薇', '2001-12-24', 1, 1, 0)
insert into student (stunum, clsid, stuname, stubtd, pwd, static, sex)
values (201907010211, 7, '山无鸣', '2001-12-28', 1, 1, 1)
insert into student (stunum, clsid, stuname, stubtd, pwd, static, sex)
values (201907010212, 8, '房友亚', '2001-1-6', 1, 1, 0)
insert into student (stunum, clsid, stuname, stubtd, pwd, static, sex)
values (201907010213, 9, '谷宰昌', '2001-11-28', 1, 1, 1)
insert into student (stunum, clsid, stuname, stubtd, pwd, static, sex)
values (201907010214, 10, '庄金翰', '2001-6-7', 1, 1, 1)
insert into student (stunum, clsid, stuname, stubtd, pwd, static, sex)
values (201907010215, 11, '晋智榕', '2001-4-12', 1, 1, 1)
insert into student (stunum, clsid, stuname, stubtd, pwd, static, sex)
values (201907010216, 12, '富先', '2001-10-2', 1, 1, 1)
insert into student (stunum, clsid, stuname, stubtd, pwd, static, sex)
values (201907010217, 1, '燕玉涛', '2001-4-3', 1, 1, 1)
insert into student (stunum, clsid, stuname, stubtd, pwd, static, sex)
values (201907010218, 2, '岑马婕', '2001-1-21', 1, 1, 0)
insert into student (stunum, clsid, stuname, stubtd, pwd, static, sex)
values (201907010219, 3, '向岩', '2001-7-19', 1, 1, 1)
insert into student (stunum, clsid, stuname, stubtd, pwd, static, sex)
values (201907010220, 4, '崔中保', '2001-8-6', 1, 1, 1)
insert into student (stunum, clsid, stuname, stubtd, pwd, static, sex)
values (201907010221, 5, '乔易彪', '1999-11-23', 1, 1, 1)
insert into student (stunum, clsid, stuname, stubtd, pwd, static, sex)
values (201907010222, 6, '芮博', '2001-10-18', 1, 1, 1)
insert into student (stunum, clsid, stuname, stubtd, pwd, static, sex)
values (201907010223, 7, '麻武', '2001-6-13', 1, 1, 1)
insert into student (stunum, clsid, stuname, stubtd, pwd, static, sex)
values (201907010224, 8, '武姬', '2001-4-12', 1, 1, 0)
insert into student (stunum, clsid, stuname, stubtd, pwd, static, sex)
values (201907010225, 9, '汤礼瑶', '2001-5-15', 1, 1, 0)
insert into student (stunum, clsid, stuname, stubtd, pwd, static, sex)
values (201907010226, 10, '薛茗', '2001-5-12', 1, 1, 0)
insert into student (stunum, clsid, stuname, stubtd, pwd, static, sex)
values (201907010227, 11, '公风', '2001-1-4', 1, 1, 1)
insert into student (stunum, clsid, stuname, stubtd, pwd, static, sex)
values (201907010228, 12, '宇文卡红', '2001-4-18', 1, 1, 0)
insert into student (stunum, clsid, stuname, stubtd, pwd, static, sex)
values (201907010229, 1, '米中承', '2001-1-10', 1, 1, 1)
insert into student (stunum, clsid, stuname, stubtd, pwd, static, sex)
values (201907010230, 2, '常忠之', '2001-12-29', 1, 1, 1)
insert into student (stunum, clsid, stuname, stubtd, pwd, static, sex)
values (201907010231, 3, '隗先', '2001-1-26', 1, 1, 1)
insert into student (stunum, clsid, stuname, stubtd, pwd, static, sex)
values (201907010232, 4, '李祥', '2001-5-4', 1, 1, 1)
insert into student (stunum, clsid, stuname, stubtd, pwd, static, sex)
values (201907010301, 5, '牛电民', '2001-12-9', 1, 1, 1)
insert into student (stunum, clsid, stuname, stubtd, pwd, static, sex)
values (201907010302, 6, '皇甫信璐', '1999-8-13', 1, 1, 0)
insert into student (stunum, clsid, stuname, stubtd, pwd, static, sex)
values (201907010303, 7, '宰茜', '2001-4-25', 1, 1, 0)
insert into student (stunum, clsid, stuname, stubtd, pwd, static, sex)
values (201907010304, 8, '杜友栋', '1999-3-12', 1, 1, 1)
insert into student (stunum, clsid, stuname, stubtd, pwd, static, sex)
values (201907010305, 9, '阮都明', '1999-7-10', 1, 1, 1)
insert into student (stunum, clsid, stuname, stubtd, pwd, static, sex)
values (201907010306, 10, '郝娴', '2001-4-29', 1, 1, 0)
insert into student (stunum, clsid, stuname, stubtd, pwd, static, sex)
values (201907010307, 11, '解可', '2001-1-26', 1, 1, 0)
insert into student (stunum, clsid, stuname, stubtd, pwd, static, sex)
values (201907010308, 12, '余卡贞', '2001-6-19', 1, 1, 0)
insert into student (stunum, clsid, stuname, stubtd, pwd, static, sex)
values (201907010309, 1, '方勇', '2001-10-26', 1, 1, 1)
insert into student (stunum, clsid, stuname, stubtd, pwd, static, sex)
values (201907010310, 2, '左伊', '2001-7-18', 1, 1, 0)
insert into student (stunum, clsid, stuname, stubtd, pwd, static, sex)
values (201907010311, 3, '常梦', '2001-4-9', 1, 1, 0)
insert into student (stunum, clsid, stuname, stubtd, pwd, static, sex)
values (201907010312, 4, '温祥', '2001-5-7', 1, 1, 1)
insert into student (stunum, clsid, stuname, stubtd, pwd, static, sex)
values (201907010313, 5, '骆加舒', '2001-3-22', 1, 1, 0)
insert into student (stunum, clsid, stuname, stubtd, pwd, static, sex)
values (201907010314, 6, '穆智莉', '2001-1-29', 1, 1, 0)
insert into student (stunum, clsid, stuname, stubtd, pwd, static, sex)
values (201907010315, 7, '葛飘', '2001-6-28', 1, 1, 0)
insert into student (stunum, clsid, stuname, stubtd, pwd, static, sex)
values (201907010316, 8, '狄雄', '2001-4-8', 1, 1, 1)
insert into student (stunum, clsid, stuname, stubtd, pwd, static, sex)
values (201907010317, 9, '俞伟', '2001-12-17', 1, 1, 1)
insert into student (stunum, clsid, stuname, stubtd, pwd, static, sex)
values (201907010318, 10, '雷士', '2001-7-8', 1, 1, 1)
insert into student (stunum, clsid, stuname, stubtd, pwd, static, sex)
values (201907010319, 11, '郁玉茜', '2001-8-13', 1, 1, 0)
insert into student (stunum, clsid, stuname, stubtd, pwd, static, sex)
values (201907010320, 12, '苏被莺', '1999-1-7', 1, 1, 0)
insert into student (stunum, clsid, stuname, stubtd, pwd, static, sex)
values (201907010321, 1, '施贝辉', '2000-8-30', 1, 1, 1)
insert into student (stunum, clsid, stuname, stubtd, pwd, static, sex)
values (201907010322, 2, '郭河', '2001-2-7', 1, 1, 1)
insert into student (stunum, clsid, stuname, stubtd, pwd, static, sex)
values (201907010323, 3, '屈礼乐', '1999-11-20', 1, 1, 1)
insert into student (stunum, clsid, stuname, stubtd, pwd, static, sex)
values (201907010324, 4, '李元', '2001-8-28', 1, 1, 1)
insert into student (stunum, clsid, stuname, stubtd, pwd, static, sex)
values (201907010325, 5, '宗贝行', '2001-11-10', 1, 1, 1)
insert into student (stunum, clsid, stuname, stubtd, pwd, static, sex)
values (201907010326, 6, '解松', '2001-11-13', 1, 1, 1)
insert into student (stunum, clsid, stuname, stubtd, pwd, static, sex)
values (201907010327, 7, '羊信风', '2001-12-10', 1, 1, 1)
insert into student (stunum, clsid, stuname, stubtd, pwd, static, sex)
values (201907010328, 8, '邵电英', '2001-7-7', 1, 1, 0)
insert into student (stunum, clsid, stuname, stubtd, pwd, static, sex)
values (201907010329, 9, '孙慕健', '2001-2-9', 1, 1, 1)
insert into student (stunum, clsid, stuname, stubtd, pwd, static, sex)
values (201907010330, 10, '崔好琼', '2001-6-7', 1, 1, 0)
insert into student (stunum, clsid, stuname, stubtd, pwd, static, sex)
values (201907010331, 11, '贾好冠', '2001-6-15', 1, 1, 1)
insert into student (stunum, clsid, stuname, stubtd, pwd, static, sex)
values (201907010332, 12, '刁思', '2001-5-30', 1, 1, 0)
insert into student (stunum, clsid, stuname, stubtd, pwd, static, sex)
values (201907010401, 1, '何欣', '2001-9-11', 1, 1, 0)
insert into student (stunum, clsid, stuname, stubtd, pwd, static, sex)
values (201907010402, 2, '郝无春', '2001-11-30', 1, 1, 0)
insert into student (stunum, clsid, stuname, stubtd, pwd, static, sex)
values (201907010403, 3, '姜涛', '2001-11-16', 1, 1, 1)
insert into student (stunum, clsid, stuname, stubtd, pwd, static, sex)
values (201907010404, 4, '尤玉梦', '2001-2-25', 1, 1, 0)
insert into student (stunum, clsid, stuname, stubtd, pwd, static, sex)
values (201907010405, 5, '诸无雅', '2002-11-18', 1, 1, 0)
insert into student (stunum, clsid, stuname, stubtd, pwd, static, sex)
values (201907010406, 6, '任超', '2001-11-30', 1, 1, 1)
insert into student (stunum, clsid, stuname, stubtd, pwd, static, sex)
values (201907010407, 7, '成淑', '2001-10-27', 1, 1, 0)
insert into student (stunum, clsid, stuname, stubtd, pwd, static, sex)
values (201907010408, 8, '耿器荔', '2001-11-15', 1, 1, 0)
insert into student (stunum, clsid, stuname, stubtd, pwd, static, sex)
values (201907010409, 9, '潘器朗', '2001-7-16', 1, 1, 1)
insert into student (stunum, clsid, stuname, stubtd, pwd, static, sex)
values (201907010410, 10, '万被妹', '2001-12-14', 1, 1, 0)
insert into student (stunum, clsid, stuname, stubtd, pwd, static, sex)
values (201907010411, 11, '盛器伯', '2002-12-25', 1, 1, 1)
insert into student (stunum, clsid, stuname, stubtd, pwd, static, sex)
values (201907010412, 12, '戚良', '2001-6-1', 1, 1, 1)
insert into student (stunum, clsid, stuname, stubtd, pwd, static, sex)
values (201907010413, 1, '羊信朗', '2001-1-19', 1, 1, 1)
insert into student (stunum, clsid, stuname, stubtd, pwd, static, sex)
values (201907010414, 2, '门呼枝', '2001-5-13', 1, 1, 0)
insert into student (stunum, clsid, stuname, stubtd, pwd, static, sex)
values (201907010415, 3, '晏九倩', '2001-3-30', 1, 1, 0)
insert into student (stunum, clsid, stuname, stubtd, pwd, static, sex)
values (201907010416, 4, '米馨', '2001-3-16', 1, 1, 0)
insert into student (stunum, clsid, stuname, stubtd, pwd, static, sex)
values (201907010417, 5, '汪君', '2001-11-15', 1, 1, 0)
insert into student (stunum, clsid, stuname, stubtd, pwd, static, sex)
values (201907010418, 6, '顾松', '2001-11-8', 1, 1, 1)
insert into student (stunum, clsid, stuname, stubtd, pwd, static, sex)
values (201907010419, 7, '席永', '1999-6-19', 1, 1, 1)
insert into student (stunum, clsid, stuname, stubtd, pwd, static, sex)
values (201907010420, 8, '洪珍', '2001-11-2', 1, 1, 0)
insert into student (stunum, clsid, stuname, stubtd, pwd, static, sex)
values (201907010421, 9, '孔凯新', '2001-11-17', 1, 1, 1)
insert into student (stunum, clsid, stuname, stubtd, pwd, static, sex)
values (201907010422, 10, '米珍', '2002-4-9', 1, 1, 0)
insert into student (stunum, clsid, stuname, stubtd, pwd, static, sex)
values (201907010423, 11, '时义枝', '2001-2-9', 1, 1, 0)
insert into student (stunum, clsid, stuname, stubtd, pwd, static, sex)
values (201907010424, 12, '鲍都天', '2001-4-12', 1, 1, 1)
insert into student (stunum, clsid, stuname, stubtd, pwd, static, sex)
values (201907010425, 1, '包器元', '2001-3-17', 1, 1, 1)
insert into student (stunum, clsid, stuname, stubtd, pwd, static, sex)
values (201907010426, 2, '罗智茜', '2001-3-11', 1, 1, 0)
insert into student (stunum, clsid, stuname, stubtd, pwd, static, sex)
values (201907010427, 3, '隗马会', '1999-10-7', 1, 1, 1)
insert into student (stunum, clsid, stuname, stubtd, pwd, static, sex)
values (201907010428, 4, '满无淑', '2001-8-7', 1, 1, 0)
insert into student (stunum, clsid, stuname, stubtd, pwd, static, sex)
values (201907010429, 5, '桂凯飞', '2001-6-24', 1, 1, 1)
insert into student (stunum, clsid, stuname, stubtd, pwd, static, sex)
values (201907010430, 6, '呼延鹏', '2001-4-15', 1, 1, 1)
insert into student (stunum, clsid, stuname, stubtd, pwd, static, sex)
values (201907010431, 7, '舒被有', '2001-7-23', 1, 1, 1)
insert into student (stunum, clsid, stuname, stubtd, pwd, static, sex)
values (201907010432, 8, '隗爽', '2001-8-21', 1, 1, 0)
insert into student (stunum, clsid, stuname, stubtd, pwd, static, sex)
values (201907010501, 9, '翁善', '2001-6-7', 1, 1, 1)
insert into student (stunum, clsid, stuname, stubtd, pwd, static, sex)
values (201907010502, 10, '闫斌', '2001-6-26', 1, 1, 1)
insert into student (stunum, clsid, stuname, stubtd, pwd, static, sex)
values (201907010503, 11, '奚忠坚', '1998-7-23', 1, 1, 1)
insert into student (stunum, clsid, stuname, stubtd, pwd, static, sex)
values (201907010504, 12, '顾智琛', '2001-1-7', 1, 1, 1)
insert into student (stunum, clsid, stuname, stubtd, pwd, static, sex)
values (201907010505, 1, '终玉武', '1999-3-28', 1, 1, 1)
insert into student (stunum, clsid, stuname, stubtd, pwd, static, sex)
values (201907010506, 2, '解电启', '2001-5-18', 1, 1, 1)
insert into student (stunum, clsid, stuname, stubtd, pwd, static, sex)
values (201907010507, 3, '门西钰琰', '2001-9-5', 1, 1, 0)
insert into student (stunum, clsid, stuname, stubtd, pwd, static, sex)
values (201907010508, 4, '牧悦', '2001-7-2', 1, 1, 0)
insert into student (stunum, clsid, stuname, stubtd, pwd, static, sex)
values (201907010509, 5, '骆礼和', '2001-7-13', 1, 1, 1)
insert into student (stunum, clsid, stuname, stubtd, pwd, static, sex)
values (201907010510, 6, '宰强', '2001-9-27', 1, 1, 1)
insert into student (stunum, clsid, stuname, stubtd, pwd, static, sex)
values (201907010511, 7, '劳民', '2000-2-19', 1, 1, 1)
insert into student (stunum, clsid, stuname, stubtd, pwd, static, sex)
values (201907010512, 8, '明时', '2001-3-7', 1, 1, 1)
insert into student (stunum, clsid, stuname, stubtd, pwd, static, sex)
values (201907010513, 9, '古鸣', '2001-6-7', 1, 1, 1)
insert into student (stunum, clsid, stuname, stubtd, pwd, static, sex)
values (201907010514, 10, '齐维', '2001-2-15', 1, 1, 1)
insert into student (stunum, clsid, stuname, stubtd, pwd, static, sex)
values (201907010515, 11, '于闾中爽', '2001-1-19', 1, 1, 0)
insert into student (stunum, clsid, stuname, stubtd, pwd, static, sex)
values (201907010516, 12, '武娜', '2000-11-10', 1, 1, 0)
insert into student (stunum, clsid, stuname, stubtd, pwd, static, sex)
values (201907010517, 1, '童娜', '2001-9-15', 1, 1, 0)
insert into student (stunum, clsid, stuname, stubtd, pwd, static, sex)
values (201907010518, 2, '衡莉', '2001-5-20', 1, 1, 0)
insert into student (stunum, clsid, stuname, stubtd, pwd, static, sex)
values (201907010519, 3, '巫马家', '2001-6-3', 1, 1, 1)
insert into student (stunum, clsid, stuname, stubtd, pwd, static, sex)
values (201907010520, 4, '宁都致', '2000-7-4', 1, 1, 1)
insert into student (stunum, clsid, stuname, stubtd, pwd, static, sex)
values (201907010521, 5, '吉慧', '2001-6-7', 1, 1, 0)
insert into student (stunum, clsid, stuname, stubtd, pwd, static, sex)
values (201907010522, 6, '金被福', '1999-4-29', 1, 1, 1)
insert into student (stunum, clsid, stuname, stubtd, pwd, static, sex)
values (201907010523, 7, '尚电群', '2001-6-4', 1, 1, 1)
insert into student (stunum, clsid, stuname, stubtd, pwd, static, sex)
values (201907010524, 8, '许澜', '2001-12-28', 1, 1, 0)
insert into student (stunum, clsid, stuname, stubtd, pwd, static, sex)
values (201907010525, 9, '宇文东', '2001-12-22', 1, 1, 1)
insert into student (stunum, clsid, stuname, stubtd, pwd, static, sex)
values (201907010526, 10, '叶中婉', '2001-6-4', 1, 1, 0)
insert into student (stunum, clsid, stuname, stubtd, pwd, static, sex)
values (201907010527, 11, '姜军', '2001-3-22', 1, 1, 1)
insert into student (stunum, clsid, stuname, stubtd, pwd, static, sex)
values (201907010528, 12, '衡友航', '2001-7-21', 1, 1, 1)
insert into student (stunum, clsid, stuname, stubtd, pwd, static, sex)
values (201907010529, 1, '吉加壮', '2001-5-9', 1, 1, 1)
insert into student (stunum, clsid, stuname, stubtd, pwd, static, sex)
values (201907010530, 2, '乐金树', '2001-8-11', 1, 1, 1)
insert into student (stunum, clsid, stuname, stubtd, pwd, static, sex)
values (201907010531, 3, '王韵', '2001-3-8', 1, 1, 0)
insert into student (stunum, clsid, stuname, stubtd, pwd, static, sex)
values (201907010532, 4, '祁卿', '2001-2-15', 1, 1, 0)
insert into student (stunum, clsid, stuname, stubtd, pwd, static, sex)
values (201907010601, 5, '鲍义冰', '2001-7-5', 1, 1, 0)
insert into student (stunum, clsid, stuname, stubtd, pwd, static, sex)
values (201907010602, 6, '金琰', '2001-7-11', 1, 1, 0)
insert into student (stunum, clsid, stuname, stubtd, pwd, static, sex)
values (201907010603, 7, '孙端被祥', '2000-5-14', 1, 1, 1)
insert into student (stunum, clsid, stuname, stubtd, pwd, static, sex)
values (201907010604, 8, '董强', '2000-7-18', 1, 1, 1)
insert into student (stunum, clsid, stuname, stubtd, pwd, static, sex)
values (201907010605, 9, '方赫英', '2000-1-13', 1, 1, 0)
insert into student (stunum, clsid, stuname, stubtd, pwd, static, sex)
values (201907010606, 10, '逄智诚', '2001-4-23', 1, 1, 1)
insert into student (stunum, clsid, stuname, stubtd, pwd, static, sex)
values (201907010607, 11, '苍河', '2001-2-18', 1, 1, 1)
insert into student (stunum, clsid, stuname, stubtd, pwd, static, sex)
values (201907010608, 12, '禹加会', '2001-1-17', 1, 1, 1)
insert into student (stunum, clsid, stuname, stubtd, pwd, static, sex)
values (201907010609, 1, '满佳', '2001-7-3', 1, 1, 0)
insert into student (stunum, clsid, stuname, stubtd, pwd, static, sex)
values (201907010610, 2, '薛都素', '2001-4-17', 1, 1, 0)
insert into student (stunum, clsid, stuname, stubtd, pwd, static, sex)
values (201907010611, 3, '国金毅', '2001-7-20', 1, 1, 1)
insert into student (stunum, clsid, stuname, stubtd, pwd, static, sex)
values (201907010612, 4, '邬凯士', '1999-9-10', 1, 1, 1)
insert into student (stunum, clsid, stuname, stubtd, pwd, static, sex)
values (201907010613, 5, '凤娟', '2001-9-28', 1, 1, 0)
insert into student (stunum, clsid, stuname, stubtd, pwd, static, sex)
values (201907010614, 6, '贾毅', '2001-8-5', 1, 1, 1)
insert into student (stunum, clsid, stuname, stubtd, pwd, static, sex)
values (201907010615, 7, '袁庆', '1999-12-15', 1, 1, 1)
insert into student (stunum, clsid, stuname, stubtd, pwd, static, sex)
values (201907010616, 8, '陆红', '2001-12-1', 1, 1, 0)
insert into student (stunum, clsid, stuname, stubtd, pwd, static, sex)
values (201907010617, 9, '崔娥', '2001-10-21', 1, 1, 0)
insert into student (stunum, clsid, stuname, stubtd, pwd, static, sex)
values (201907010618, 10, '邓金成', '2001-11-7', 1, 1, 1)
insert into student (stunum, clsid, stuname, stubtd, pwd, static, sex)
values (201907010619, 11, '靳义桂', '2001-8-12', 1, 1, 0)
insert into student (stunum, clsid, stuname, stubtd, pwd, static, sex)
values (201907010620, 12, '祁金国', '2002-2-17', 1, 1, 1)
insert into student (stunum, clsid, stuname, stubtd, pwd, static, sex)
values (201907010621, 1, '马公义昭', '2001-1-26', 1, 1, 0)
insert into student (stunum, clsid, stuname, stubtd, pwd, static, sex)
values (201907010622, 2, '粱翔', '2001-1-17', 1, 1, 1)
insert into student (stunum, clsid, stuname, stubtd, pwd, static, sex)
values (201907010623, 3, '龚忠蓓', '2001-2-15', 1, 1, 0)
insert into student (stunum, clsid, stuname, stubtd, pwd, static, sex)
values (201907010624, 4, '阮强', '2001-6-9', 1, 1, 1)
insert into student (stunum, clsid, stuname, stubtd, pwd, static, sex)
values (201907010625, 5, '崔聪', '2001-4-20', 1, 1, 0)
insert into student (stunum, clsid, stuname, stubtd, pwd, static, sex)
values (201907010626, 6, '康霭', '2000-12-2', 1, 1, 0)
insert into student (stunum, clsid, stuname, stubtd, pwd, static, sex)
values (201907010627, 7, '邹礼玲', '2001-12-18', 1, 1, 0)
insert into student (stunum, clsid, stuname, stubtd, pwd, static, sex)
values (201907010628, 8, '和无厚', '2001-6-9', 1, 1, 1)
insert into student (stunum, clsid, stuname, stubtd, pwd, static, sex)
values (201907010629, 9, '成琬', '2001-2-14', 1, 1, 0)
insert into student (stunum, clsid, stuname, stubtd, pwd, static, sex)
values (201907010630, 10, '万卡卿', '2001-4-20', 1, 1, 0)
insert into student (stunum, clsid, stuname, stubtd, pwd, static, sex)
values (201907010631, 11, '刘歌峰', '2001-11-28', 1, 1, 1)
insert into student (stunum, clsid, stuname, stubtd, pwd, static, sex)
values (201907010632, 12, '边九壮', '2001-4-3', 1, 1, 1)
insert into student (stunum, clsid, stuname, stubtd, pwd, static, sex)
values (201907010701, 1, '丘东贵', '2001-2-2', 1, 1, 1)
insert into student (stunum, clsid, stuname, stubtd, pwd, static, sex)
values (201907010702, 2, '盖上希', '2001-9-20', 1, 1, 0)
insert into student (stunum, clsid, stuname, stubtd, pwd, static, sex)
values (201907010703, 3, '桂鹏', '2001-4-2', 1, 1, 1)
insert into student (stunum, clsid, stuname, stubtd, pwd, static, sex)
values (201907010704, 4, '昌承', '1999-11-14', 1, 1, 1)
insert into student (stunum, clsid, stuname, stubtd, pwd, static, sex)
values (201907010705, 5, '国都榕', '2000-1-14', 1, 1, 1)
insert into student (stunum, clsid, stuname, stubtd, pwd, static, sex)
values (201907010706, 6, '吕都楠', '2000-5-8', 1, 1, 1)
insert into student (stunum, clsid, stuname, stubtd, pwd, static, sex)
values (201907010707, 7, '韶秀', '2001-8-24', 1, 1, 0)
insert into student (stunum, clsid, stuname, stubtd, pwd, static, sex)
values (201907010708, 8, '刘卡娴', '1999-9-13', 1, 1, 0)
insert into student (stunum, clsid, stuname, stubtd, pwd, static, sex)
values (201907010709, 9, '丘司宁', '2001-11-7', 1, 1, 0)
insert into student (stunum, clsid, stuname, stubtd, pwd, static, sex)
values (201907010710, 10, '束成', '1999-2-7', 1, 1, 1)
insert into student (stunum, clsid, stuname, stubtd, pwd, static, sex)
values (201907010711, 11, '生梁马静', '2001-11-7', 1, 1, 0)
insert into student (stunum, clsid, stuname, stubtd, pwd, static, sex)
values (201907010712, 12, '边钰璧', '2000-11-8', 1, 1, 0)
insert into student (stunum, clsid, stuname, stubtd, pwd, static, sex)
values (201907010713, 1, '松洁', '2001-5-11', 1, 1, 0)
insert into student (stunum, clsid, stuname, stubtd, pwd, static, sex)
values (201907010714, 2, '程中瑶', '2001-12-7', 1, 1, 0)
insert into student (stunum, clsid, stuname, stubtd, pwd, static, sex)
values (201907010715, 3, '游智琴', '2001-5-3', 1, 1, 0)
insert into student (stunum, clsid, stuname, stubtd, pwd, static, sex)
values (201907010716, 4, '冀被茗', '2001-11-12', 1, 1, 0)
insert into student (stunum, clsid, stuname, stubtd, pwd, static, sex)
values (201907010717, 5, '松栋', '2000-7-19', 1, 1, 1)
insert into student (stunum, clsid, stuname, stubtd, pwd, static, sex)
values (201907010718, 6, '骆智黛', '2001-12-21', 1, 1, 0)
insert into student (stunum, clsid, stuname, stubtd, pwd, static, sex)
values (201907010719, 7, '吕歌雁', '2001-6-6', 1, 1, 0)
insert into student (stunum, clsid, stuname, stubtd, pwd, static, sex)
values (201907010720, 8, '康九婉', '2001-9-1', 1, 1, 0)
insert into student (stunum, clsid, stuname, stubtd, pwd, static, sex)
values (201907010721, 9, '庞荷', '2000-3-2', 1, 1, 0)
insert into student (stunum, clsid, stuname, stubtd, pwd, static, sex)
values (201907010722, 10, '苗菊', '1998-11-13', 1, 1, 0)
insert into student (stunum, clsid, stuname, stubtd, pwd, static, sex)
values (201907010723, 11, '冀菁', '2001-4-7', 1, 1, 0)
insert into student (stunum, clsid, stuname, stubtd, pwd, static, sex)
values (201907010724, 12, '关玉琴', '2001-2-24', 1, 1, 0)
insert into student (stunum, clsid, stuname, stubtd, pwd, static, sex)
values (201907010725, 1, '沃贝海', '2001-3-10', 1, 1, 1)
insert into student (stunum, clsid, stuname, stubtd, pwd, static, sex)
values (201907010726, 2, '陆媛', '2001-7-30', 1, 1, 0)
insert into student (stunum, clsid, stuname, stubtd, pwd, static, sex)
values (201907010727, 3, '衡孝飞', '2001-8-21', 1, 1, 1)
insert into student (stunum, clsid, stuname, stubtd, pwd, static, sex)
values (201907010728, 4, '裴加江', '1998-8-15', 1, 1, 1)
insert into student (stunum, clsid, stuname, stubtd, pwd, static, sex)
values (201907010729, 5, '终凯锦', '2001-12-17', 1, 1, 0)
insert into student (stunum, clsid, stuname, stubtd, pwd, static, sex)
values (201907010730, 6, '滕贝祥', '2000-3-11', 1, 1, 1)
insert into student (stunum, clsid, stuname, stubtd, pwd, static, sex)
values (201907010731, 7, '宰芬', '2001-6-24', 1, 1, 0)
insert into student (stunum, clsid, stuname, stubtd, pwd, static, sex)
values (201907010732, 8, '荀器菊', '2000-5-4', 1, 1, 0)
insert into student (stunum, clsid, stuname, stubtd, pwd, static, sex)
values (201907010801, 9, '彭香', '2001-6-14', 1, 1, 0)
insert into student (stunum, clsid, stuname, stubtd, pwd, static, sex)
values (201907010802, 10, '滑信竹', '2001-3-30', 1, 1, 0)
insert into student (stunum, clsid, stuname, stubtd, pwd, static, sex)
values (201907010803, 11, '褚冰', '2001-3-1', 1, 1, 0)
insert into student (stunum, clsid, stuname, stubtd, pwd, static, sex)
values (201907010804, 12, '巴楠', '2001-12-4', 1, 1, 1)
insert into student (stunum, clsid, stuname, stubtd, pwd, static, sex)
values (201907010805, 1, '冉全', '2001-5-4', 1, 1, 1)
insert into student (stunum, clsid, stuname, stubtd, pwd, static, sex)
values (201907010806, 2, '终笑全', '2002-8-30', 1, 1, 1)
insert into student (stunum, clsid, stuname, stubtd, pwd, static, sex)
values (201907010807, 3, '姜九固', '2001-10-30', 1, 1, 1)
insert into student (stunum, clsid, stuname, stubtd, pwd, static, sex)
values (201907010808, 4, '唐斌', '2001-12-7', 1, 1, 1)
insert into student (stunum, clsid, stuname, stubtd, pwd, static, sex)
values (201907010809, 5, '张孝弘', '2001-2-5', 1, 1, 1)
insert into student (stunum, clsid, stuname, stubtd, pwd, static, sex)
values (201907010810, 6, '公友谦', '2001-4-22', 1, 1, 1)
insert into student (stunum, clsid, stuname, stubtd, pwd, static, sex)
values (201907010811, 7, '公孙孝媛', '2001-7-10', 1, 1, 0)
insert into student (stunum, clsid, stuname, stubtd, pwd, static, sex)
values (201907010812, 8, '谷梁静', '2001-5-18', 1, 1, 0)
insert into student (stunum, clsid, stuname, stubtd, pwd, static, sex)
values (201907010813, 9, '韶坚', '2001-3-17', 1, 1, 1)
insert into student (stunum, clsid, stuname, stubtd, pwd, static, sex)
values (201907010814, 10, '亓官荣', '1999-3-22', 1, 1, 0)
insert into student (stunum, clsid, stuname, stubtd, pwd, static, sex)
values (201907010815, 11, '燕歌新', '2001-6-15', 1, 1, 1)
insert into student (stunum, clsid, stuname, stubtd, pwd, static, sex)
values (201907010816, 12, '凌海', '1999-7-24', 1, 1, 1)
insert into student (stunum, clsid, stuname, stubtd, pwd, static, sex)
values (201907010817, 1, '东门榕', '2001-6-28', 1, 1, 1)
insert into student (stunum, clsid, stuname, stubtd, pwd, static, sex)
values (201907010818, 2, '祁娟', '2001-4-2', 1, 1, 0)
insert into student (stunum, clsid, stuname, stubtd, pwd, static, sex)
values (201907010819, 3, '郁好希', '2001-8-14', 1, 1, 0)
insert into student (stunum, clsid, stuname, stubtd, pwd, static, sex)
values (201907010820, 4, '隗笑德', '2001-7-1', 1, 1, 1)
insert into student (stunum, clsid, stuname, stubtd, pwd, static, sex)
values (201907010821, 5, '孔环', '2001-8-20', 1, 1, 0)
insert into student (stunum, clsid, stuname, stubtd, pwd, static, sex)
values (201907010822, 6, '车力', '2001-10-5', 1, 1, 1)
insert into student (stunum, clsid, stuname, stubtd, pwd, static, sex)
values (201907010823, 7, '劳霭', '2001-10-13', 1, 1, 0)
insert into student (stunum, clsid, stuname, stubtd, pwd, static, sex)
values (201907010824, 8, '蒋贝承', '2001-3-6', 1, 1, 1)
insert into student (stunum, clsid, stuname, stubtd, pwd, static, sex)
values (201907010825, 9, '殴之', '1998-10-29', 1, 1, 1)
insert into student (stunum, clsid, stuname, stubtd, pwd, static, sex)
values (201907010826, 10, '沈贝琦', '2000-11-29', 1, 1, 0)
insert into student (stunum, clsid, stuname, stubtd, pwd, static, sex)
values (201907010827, 11, '父谷清', '2001-8-3', 1, 1, 1)
insert into student (stunum, clsid, stuname, stubtd, pwd, static, sex)
values (201907010828, 12, '郑贝纯', '2001-11-30', 1, 1, 0)
insert into student (stunum, clsid, stuname, stubtd, pwd, static, sex)
values (201907010829, 1, '叶加豪', '2001-2-27', 1, 1, 1)
insert into student (stunum, clsid, stuname, stubtd, pwd, static, sex)
values (201907010830, 2, '左玉锦', '2001-8-14', 1, 1, 0)
insert into student (stunum, clsid, stuname, stubtd, pwd, static, sex)
values (201907010831, 3, '粱笑功', '2001-6-18', 1, 1, 1)
insert into student (stunum, clsid, stuname, stubtd, pwd, static, sex)
values (201907010832, 4, '陈义兴', '2001-3-9', 1, 1, 1)
insert into student (stunum, clsid, stuname, stubtd, pwd, static, sex)
values (201907020101, 5, '寇仉亮', '2001-4-22', 1, 1, 1)
insert into student (stunum, clsid, stuname, stubtd, pwd, static, sex)
values (201907020102, 6, '莘环', '2001-3-14', 1, 1, 0)
insert into student (stunum, clsid, stuname, stubtd, pwd, static, sex)
values (201907020103, 7, '牛卡晓', '2001-8-17', 1, 1, 0)
insert into student (stunum, clsid, stuname, stubtd, pwd, static, sex)
values (201907020104, 8, '曾苑', '2001-6-5', 1, 1, 0)
insert into student (stunum, clsid, stuname, stubtd, pwd, static, sex)
values (201907020105, 9, '朱安', '2001-6-23', 1, 1, 1)
insert into student (stunum, clsid, stuname, stubtd, pwd, static, sex)
values (201907020106, 10, '崔玉克', '2001-12-29', 1, 1, 1)
insert into student (stunum, clsid, stuname, stubtd, pwd, static, sex)
values (201907020107, 11, '仇霄', '1999-9-18', 1, 1, 0)
insert into student (stunum, clsid, stuname, stubtd, pwd, static, sex)
values (201907020108, 12, '计贝纨', '2001-10-15', 1, 1, 0)
insert into student (stunum, clsid, stuname, stubtd, pwd, static, sex)
values (201907020109, 1, '娄薇', '2001-11-28', 1, 1, 0)
insert into student (stunum, clsid, stuname, stubtd, pwd, static, sex)
values (201907020110, 2, '费上伯', '2001-3-4', 1, 1, 1)
insert into student (stunum, clsid, stuname, stubtd, pwd, static, sex)
values (201907020111, 3, '幸钰婉', '2001-4-29', 1, 1, 0)
insert into student (stunum, clsid, stuname, stubtd, pwd, static, sex)
values (201907020112, 4, '戚波', '2001-8-15', 1, 1, 1)
insert into student (stunum, clsid, stuname, stubtd, pwd, static, sex)
values (201907020113, 5, '路九旭', '2001-7-13', 1, 1, 1)
insert into student (stunum, clsid, stuname, stubtd, pwd, static, sex)
values (201907020114, 6, '孙祥', '2001-3-19', 1, 1, 1)
insert into student (stunum, clsid, stuname, stubtd, pwd, static, sex)
values (201907020115, 7, '郑金世', '2001-11-26', 1, 1, 1)
insert into student (stunum, clsid, stuname, stubtd, pwd, static, sex)
values (201907020116, 8, '华马琴', '2001-1-3', 1, 1, 0)
insert into student (stunum, clsid, stuname, stubtd, pwd, static, sex)
values (201907020117, 9, '干毅', '2001-3-14', 1, 1, 1)
insert into student (stunum, clsid, stuname, stubtd, pwd, static, sex)
values (201907020118, 10, '郑瑶', '2001-5-15', 1, 1, 0)
insert into student (stunum, clsid, stuname, stubtd, pwd, static, sex)
values (201907020119, 11, '陶娣', '2001-11-21', 1, 1, 0)
insert into student (stunum, clsid, stuname, stubtd, pwd, static, sex)
values (201907020120, 12, '郭南贝民', '2001-12-26', 1, 1, 1)
insert into student (stunum, clsid, stuname, stubtd, pwd, static, sex)
values (201907020121, 1, '袁礼之', '1999-1-28', 1, 1, 1)
insert into student (stunum, clsid, stuname, stubtd, pwd, static, sex)
values (201907020122, 2, '季钰姬', '2001-2-21', 1, 1, 0)
insert into student (stunum, clsid, stuname, stubtd, pwd, static, sex)
values (201907020123, 3, '蔡璐', '2000-6-6', 1, 1, 0)
insert into student (stunum, clsid, stuname, stubtd, pwd, static, sex)
values (201907020124, 4, '卫金莲', '2001-1-2', 1, 1, 0)
insert into student (stunum, clsid, stuname, stubtd, pwd, static, sex)
values (201907020125, 5, '皇甫贝全', '2001-7-27', 1, 1, 1)
insert into student (stunum, clsid, stuname, stubtd, pwd, static, sex)
values (201907020126, 6, '石飘', '2001-4-2', 1, 1, 0)
insert into student (stunum, clsid, stuname, stubtd, pwd, static, sex)
values (201907020127, 7, '黎义胜', '2001-1-9', 1, 1, 1)
insert into student (stunum, clsid, stuname, stubtd, pwd, static, sex)
values (201907020128, 8, '山莎', '2001-11-29', 1, 1, 0)
insert into student (stunum, clsid, stuname, stubtd, pwd, static, sex)
values (201907020129, 9, '何玉新', '2001-3-27', 1, 1, 1)
insert into student (stunum, clsid, stuname, stubtd, pwd, static, sex)
values (201907020130, 10, '巴轮', '1999-9-24', 1, 1, 1)
insert into student (stunum, clsid, stuname, stubtd, pwd, static, sex)
values (201907020131, 11, '甄莎', '2000-11-3', 1, 1, 0)
insert into student (stunum, clsid, stuname, stubtd, pwd, static, sex)
values (201907020132, 12, '符友轮', '2001-6-7', 1, 1, 1)
insert into student (stunum, clsid, stuname, stubtd, pwd, static, sex)
values (201907020191, 1, '符钧', '2002-1-15', 1, 1, 1)
insert into student (stunum, clsid, stuname, stubtd, pwd, static, sex)
values (201907020192, 2, '严卡舒', '2001-5-10', 1, 1, 0)
insert into student (stunum, clsid, stuname, stubtd, pwd, static, sex)
values (201907020193, 3, '贺笑菲', '2001-12-29', 1, 1, 0)
insert into student (stunum, clsid, stuname, stubtd, pwd, static, sex)
values (201907020194, 4, '柯琼', '2001-5-8', 1, 1, 0)
insert into student (stunum, clsid, stuname, stubtd, pwd, static, sex)
values (201907020195, 5, '良拓天', '2001-3-17', 1, 1, 1)
insert into student (stunum, clsid, stuname, stubtd, pwd, static, sex)
values (201907020196, 6, '郭南加武', '2001-6-27', 1, 1, 1)
insert into student (stunum, clsid, stuname, stubtd, pwd, static, sex)
values (201907020197, 7, '钟园', '2001-8-14', 1, 1, 0)
insert into student (stunum, clsid, stuname, stubtd, pwd, static, sex)
values (201907020198, 8, '康上宜', '2001-10-5', 1, 1, 0)
insert into student (stunum, clsid, stuname, stubtd, pwd, static, sex)
values (201907020199, 9, '阳淳被燕', '2001-9-18', 1, 1, 0)
insert into student (stunum, clsid, stuname, stubtd, pwd, static, sex)
values (201907020210, 10, '曾春', '2001-2-9', 1, 1, 0)
insert into student (stunum, clsid, stuname, stubtd, pwd, static, sex)
values (201907020211, 11, '东方凯致', '2001-10-16', 1, 1, 1)
insert into student (stunum, clsid, stuname, stubtd, pwd, static, sex)
values (201907020212, 12, '屈信', '2001-8-1', 1, 1, 1)
insert into student (stunum, clsid, stuname, stubtd, pwd, static, sex)
values (201907020213, 1, '沃凤', '2001-4-12', 1, 1, 0)
insert into student (stunum, clsid, stuname, stubtd, pwd, static, sex)
values (201907020214, 2, '焦瑞', '2001-12-24', 1, 1, 0)
insert into student (stunum, clsid, stuname, stubtd, pwd, static, sex)
values (201907020215, 3, '隗松', '2001-10-5', 1, 1, 1)
insert into student (stunum, clsid, stuname, stubtd, pwd, static, sex)
values (201907020216, 4, '宁叶', '2001-11-14', 1, 1, 0)
insert into student (stunum, clsid, stuname, stubtd, pwd, static, sex)
values (201907020217, 5, '耿加飞', '2001-9-19', 1, 1, 1)
insert into student (stunum, clsid, stuname, stubtd, pwd, static, sex)
values (201907020218, 6, '单卡勤', '2001-5-13', 1, 1, 0)
insert into student (stunum, clsid, stuname, stubtd, pwd, static, sex)
values (201907020219, 7, '尤冰', '2001-6-5', 1, 1, 0)
insert into student (stunum, clsid, stuname, stubtd, pwd, static, sex)
values (201907020220, 8, '空亓芳', '2002-9-27', 1, 1, 0)
insert into student (stunum, clsid, stuname, stubtd, pwd, static, sex)
values (201907020221, 9, '庄歌伯', '2001-6-6', 1, 1, 1)
insert into student (stunum, clsid, stuname, stubtd, pwd, static, sex)
values (201907020222, 10, '戚会', '2002-7-13', 1, 1, 1)
insert into student (stunum, clsid, stuname, stubtd, pwd, static, sex)
values (201907020223, 11, '路秋', '2001-12-30', 1, 1, 0)
insert into student (stunum, clsid, stuname, stubtd, pwd, static, sex)
values (201907020224, 12, '邢凯仁', '1999-11-10', 1, 1, 1)
insert into student (stunum, clsid, stuname, stubtd, pwd, static, sex)
values (201907020225, 1, '姜毓', '2000-4-23', 1, 1, 0)
insert into student (stunum, clsid, stuname, stubtd, pwd, static, sex)
values (201907020226, 2, '韦好学', '2001-5-5', 1, 1, 1)
insert into student (stunum, clsid, stuname, stubtd, pwd, static, sex)
values (201907020227, 3, '石好苑', '2000-7-4', 1, 1, 0)
insert into student (stunum, clsid, stuname, stubtd, pwd, static, sex)
values (201907020228, 4, '陶电元', '2001-5-13', 1, 1, 1)
insert into student (stunum, clsid, stuname, stubtd, pwd, static, sex)
values (201907020229, 5, '桂钰影', '2001-12-29', 1, 1, 0)
insert into student (stunum, clsid, stuname, stubtd, pwd, static, sex)
values (201907020230, 6, '米群', '2001-12-4', 1, 1, 1)
insert into student (stunum, clsid, stuname, stubtd, pwd, static, sex)
values (201907020231, 7, '凤电和', '1999-11-27', 1, 1, 1)
insert into student (stunum, clsid, stuname, stubtd, pwd, static, sex)
values (201907020232, 8, '范上雄', '2001-6-1', 1, 1, 1)
insert into student (stunum, clsid, stuname, stubtd, pwd, static, sex)
values (201907030101, 9, '牧雅', '2001-1-27', 1, 1, 0)
insert into student (stunum, clsid, stuname, stubtd, pwd, static, sex)
values (201907030102, 10, '韩智发', '2001-1-22', 1, 1, 1)
insert into student (stunum, clsid, stuname, stubtd, pwd, static, sex)
values (201907030103, 11, '湛倩', '1999-11-7', 1, 1, 0)
insert into student (stunum, clsid, stuname, stubtd, pwd, static, sex)
values (201907030104, 12, '高伟', '2001-6-29', 1, 1, 1)
insert into student (stunum, clsid, stuname, stubtd, pwd, static, sex)
values (201907030105, 1, '黎娜', '1999-12-12', 1, 1, 0)
insert into student (stunum, clsid, stuname, stubtd, pwd, static, sex)
values (201907030106, 2, '应婵', '1999-6-25', 1, 1, 0)
insert into student (stunum, clsid, stuname, stubtd, pwd, static, sex)
values (201907030107, 3, '戴礼才', '2001-3-30', 1, 1, 1)
insert into student (stunum, clsid, stuname, stubtd, pwd, static, sex)
values (201907030108, 4, '魏伟', '2001-8-26', 1, 1, 1)
insert into student (stunum, clsid, stuname, stubtd, pwd, static, sex)
values (201907030109, 5, '门呼思', '2001-7-30', 1, 1, 1)
insert into student (stunum, clsid, stuname, stubtd, pwd, static, sex)
values (201907030110, 6, '舒娴', '2001-7-10', 1, 1, 0)
insert into student (stunum, clsid, stuname, stubtd, pwd, static, sex)
values (201907030111, 7, '边卡婉', '2001-4-15', 1, 1, 0)
insert into student (stunum, clsid, stuname, stubtd, pwd, static, sex)
values (201907030112, 8, '苗被富', '2001-9-4', 1, 1, 1)
insert into student (stunum, clsid, stuname, stubtd, pwd, static, sex)
values (201907030113, 9, '滕都盛', '2001-9-9', 1, 1, 1)
insert into student (stunum, clsid, stuname, stubtd, pwd, static, sex)
values (201907030114, 10, '井歌磊', '2001-6-24', 1, 1, 1)
insert into student (stunum, clsid, stuname, stubtd, pwd, static, sex)
values (201907030115, 11, '万凤', '2002-1-26', 1, 1, 0)
insert into student (stunum, clsid, stuname, stubtd, pwd, static, sex)
values (201907030116, 12, '郎凯琴', '2001-11-21', 1, 1, 0)
insert into student (stunum, clsid, stuname, stubtd, pwd, static, sex)
values (201907030117, 1, '夏义娴', '1999-4-13', 1, 1, 0)
insert into student (stunum, clsid, stuname, stubtd, pwd, static, sex)
values (201907030118, 2, '罗器美', '2001-2-11', 1, 1, 0)
insert into student (stunum, clsid, stuname, stubtd, pwd, static, sex)
values (201907030119, 3, '里东欣', '2001-10-28', 1, 1, 0)
insert into student (stunum, clsid, stuname, stubtd, pwd, static, sex)
values (201907030120, 4, '苏士', '2001-12-10', 1, 1, 1)
insert into student (stunum, clsid, stuname, stubtd, pwd, static, sex)
values (201907030121, 5, '胡仁梦', '2001-10-12', 1, 1, 0)
insert into student (stunum, clsid, stuname, stubtd, pwd, static, sex)
values (201907030122, 6, '良拓卡璐', '2001-12-5', 1, 1, 0)
insert into student (stunum, clsid, stuname, stubtd, pwd, static, sex)
values (201907030123, 7, '戴友祥', '2001-6-10', 1, 1, 1)
insert into student (stunum, clsid, stuname, stubtd, pwd, static, sex)
values (201907030124, 8, '衡玉瑶', '2001-2-23', 1, 1, 0)
insert into student (stunum, clsid, stuname, stubtd, pwd, static, sex)
values (201907030125, 9, '贾志', '2001-8-5', 1, 1, 1)
insert into student (stunum, clsid, stuname, stubtd, pwd, static, sex)
values (201907030126, 10, '卞惠', '2001-8-12', 1, 1, 0)
insert into student (stunum, clsid, stuname, stubtd, pwd, static, sex)
values (201907030127, 11, '司忠承', '2001-8-22', 1, 1, 1)
insert into student (stunum, clsid, stuname, stubtd, pwd, static, sex)
values (201907030128, 12, '朱笑以', '2000-12-1', 1, 1, 1)
insert into student (stunum, clsid, stuname, stubtd, pwd, static, sex)
values (201907030129, 1, '司伊', '2001-10-24', 1, 1, 0)
insert into student (stunum, clsid, stuname, stubtd, pwd, static, sex)
values (201907030130, 2, '游婵', '2000-8-15', 1, 1, 0)
insert into student (stunum, clsid, stuname, stubtd, pwd, static, sex)
values (201907030131, 3, '干玉兴', '2001-6-2', 1, 1, 1)
insert into student (stunum, clsid, stuname, stubtd, pwd, static, sex)
values (201907030132, 4, '柯琰', '2001-2-21', 1, 1, 0)
insert into student (stunum, clsid, stuname, stubtd, pwd, static, sex)
values (201907030201, 5, '宫器贵', '2001-6-3', 1, 1, 1)
insert into student (stunum, clsid, stuname, stubtd, pwd, static, sex)
values (201907030202, 6, '国锦', '2001-1-18', 1, 1, 0)
insert into student (stunum, clsid, stuname, stubtd, pwd, static, sex)
values (201907030203, 7, '盖器安', '1999-2-15', 1, 1, 1)
insert into student (stunum, clsid, stuname, stubtd, pwd, static, sex)
values (201907030204, 8, '宋歌邦', '2000-5-25', 1, 1, 1)
insert into student (stunum, clsid, stuname, stubtd, pwd, static, sex)
values (201907030205, 9, '古笑璧', '2001-9-9', 1, 1, 0)
insert into student (stunum, clsid, stuname, stubtd, pwd, static, sex)
values (201907030206, 10, '任颖', '2001-8-5', 1, 1, 0)
insert into student (stunum, clsid, stuname, stubtd, pwd, static, sex)
values (201907030207, 11, '黄素', '1999-12-17', 1, 1, 0)
insert into student (stunum, clsid, stuname, stubtd, pwd, static, sex)
values (201907030208, 12, '狐钟思', '2001-4-12', 1, 1, 0)
insert into student (stunum, clsid, stuname, stubtd, pwd, static, sex)
values (201907030209, 1, '薛好雅', '1999-8-1', 1, 1, 0)
insert into student (stunum, clsid, stuname, stubtd, pwd, static, sex)
values (201907030210, 2, '史学', '2001-5-17', 1, 1, 1)
insert into student (stunum, clsid, stuname, stubtd, pwd, static, sex)
values (201907030211, 3, '舒玉克', '2001-6-16', 1, 1, 1)
insert into student (stunum, clsid, stuname, stubtd, pwd, static, sex)
values (201907030212, 4, '空亓无瑗', '2000-2-1', 1, 1, 0)
insert into student (stunum, clsid, stuname, stubtd, pwd, static, sex)
values (201907030213, 5, '金若', '2001-1-27', 1, 1, 1)
insert into student (stunum, clsid, stuname, stubtd, pwd, static, sex)
values (201907030214, 6, '温卡梦', '2001-1-24', 1, 1, 0)
insert into student (stunum, clsid, stuname, stubtd, pwd, static, sex)
values (201907030215, 7, '宰浩', '2001-6-6', 1, 1, 1)
insert into student (stunum, clsid, stuname, stubtd, pwd, static, sex)
values (201907030216, 8, '葛电广', '2001-2-28', 1, 1, 1)
insert into student (stunum, clsid, stuname, stubtd, pwd, static, sex)
values (201907030217, 9, '纪弘', '2001-12-9', 1, 1, 1)
insert into student (stunum, clsid, stuname, stubtd, pwd, static, sex)
values (201907030218, 10, '焦勤', '2001-3-13', 1, 1, 0)
insert into student (stunum, clsid, stuname, stubtd, pwd, static, sex)
values (201907030219, 11, '粱卡刚', '2001-10-12', 1, 1, 1)
insert into student (stunum, clsid, stuname, stubtd, pwd, static, sex)
values (201907030220, 12, '邱加贵', '2001-3-19', 1, 1, 1)
insert into student (stunum, clsid, stuname, stubtd, pwd, static, sex)
values (201907030221, 1, '空亓都欣', '2001-9-9', 1, 1, 0)
insert into student (stunum, clsid, stuname, stubtd, pwd, static, sex)
values (201907030222, 2, '苏易彪', '2001-6-15', 1, 1, 1)
insert into student (stunum, clsid, stuname, stubtd, pwd, static, sex)
values (201907030223, 3, '柯器琴', '2001-7-4', 1, 1, 0)
insert into student (stunum, clsid, stuname, stubtd, pwd, static, sex)
values (201907030224, 4, '吕云', '2001-9-11', 1, 1, 0)
insert into student (stunum, clsid, stuname, stubtd, pwd, static, sex)
values (201907030225, 5, '詹兴', '2001-4-7', 1, 1, 1)
insert into student (stunum, clsid, stuname, stubtd, pwd, static, sex)
values (201907030226, 6, '向有', '2002-12-15', 1, 1, 1)
insert into student (stunum, clsid, stuname, stubtd, pwd, static, sex)
values (201907030227, 7, '衡易仪', '2001-8-25', 1, 1, 0)
insert into student (stunum, clsid, stuname, stubtd, pwd, static, sex)
values (201907030228, 8, '洪红', '2001-6-30', 1, 1, 0)
insert into student (stunum, clsid, stuname, stubtd, pwd, static, sex)
values (201907030229, 9, '文友利', '2001-4-20', 1, 1, 1)
insert into student (stunum, clsid, stuname, stubtd, pwd, static, sex)
values (201907030230, 10, '家孝柔', '2001-2-21', 1, 1, 0)
insert into student (stunum, clsid, stuname, stubtd, pwd, static, sex)
values (201907030231, 11, '张梦', '2001-3-26', 1, 1, 0)
insert into student (stunum, clsid, stuname, stubtd, pwd, static, sex)
values (201907030232, 12, '叶信振', '2001-8-24', 1, 1, 1)

insert into coursearrangement(lesid, teanum, clsid, year, semester)
values (6, '19820191', 1, 2019, 2)
insert into coursearrangement(lesid, teanum, clsid, year, semester)
values (6, '19820191', 2, 2019, 2)
insert into coursearrangement(lesid, teanum, clsid, year, semester)
values (6, '19860501', 3, 2019, 2)
insert into coursearrangement(lesid, teanum, clsid, year, semester)
values (6, '19830401', 4, 2019, 2)
insert into coursearrangement(lesid, teanum, clsid, year, semester)
values (6, '19860501', 5, 2019, 2)
insert into coursearrangement(lesid, teanum, clsid, year, semester)
values (6, '19910501', 6, 2019, 2)
insert into coursearrangement(lesid, teanum, clsid, year, semester)
values (6, '19940401', 7, 2019, 2)
insert into coursearrangement(lesid, teanum, clsid, year, semester)
values (6, '19860501', 8, 2019, 2)
insert into coursearrangement(lesid, teanum, clsid, year, semester)
values (3, '19900101', 1, 2019, 2)
insert into coursearrangement(lesid, teanum, clsid, year, semester)
values (3, '19910501', 2, 2019, 2)
insert into coursearrangement(lesid, teanum, clsid, year, semester)
values (3, '19920191', 3, 2019, 2)
insert into coursearrangement(lesid, teanum, clsid, year, semester)
values (3, '19860402', 4, 2019, 2)
insert into coursearrangement(lesid, teanum, clsid, year, semester)
values (3, '19910501', 5, 2019, 2)
insert into coursearrangement(lesid, teanum, clsid, year, semester)
values (3, '19820191', 6, 2019, 2)
insert into coursearrangement(lesid, teanum, clsid, year, semester)
values (3, '19910501', 7, 2019, 2)
insert into coursearrangement(lesid, teanum, clsid, year, semester)
values (3, '19820191', 8, 2019, 2)

insert into coursearrangement(lesid, teanum, clsid, year, semester)
values (6, '19820191', 1, 2019, 2)
insert into coursearrangement(lesid, teanum, clsid, year, semester)
values (6, '19820191', 2, 2019, 2)
insert into coursearrangement(lesid, teanum, clsid, year, semester)
values (3, '19810102', 1, 2019, 2)
insert into coursearrangement(lesid, teanum, clsid, year, semester)
values (3, '19900101', 2, 2019, 2)

insert into coursearrangement(lesid, teanum, clsid, year, semester)
values (6, '19870101', 1, 2019, 2)
insert into coursearrangement(lesid, teanum, clsid, year, semester)
values (6, '19940401', 2, 2019, 2)
insert into coursearrangement(lesid, teanum, clsid, year, semester)
values (5, '19870502', 1, 2019, 2)
insert into coursearrangement(lesid, teanum, clsid, year, semester)
values (5, '19940401', 2, 2019, 2)


insert into examschedule(caid, examdate, static, context)
values (3, '2019/6/30', 0, '计类1,2C语言考试')
insert into examschedule(caid, examdate, static, context)
values (3, '2019/6/30', 0, '计类3,4班 C语言考试')
insert into examschedule(caid, examdate, static, context)
values (3, '2019/6/30', 0, '计类5,6班 C语言考试')
insert into examschedule(caid, examdate, static, context)
values (3, '2019/6/30', 0, '计类7,8班 C语言考试')
insert into examschedule(caid, examdate, static, context)
values (6, '2019/7/1', 0, '计类1,2英语考试')
insert into examschedule(caid, examdate, static, context)
values (6, '2019/7/1', 0, '计类3,4英语考试')
insert into examschedule(caid, examdate, static, context)
values (6, '2019/7/1', 0, '计类5,6英语考试')
insert into examschedule(caid, examdate, static, context)
values (6, '2019/7/1', 0, '计类7,8英语考试')
insert into examschedule(caid, examdate, static, context)
values (6, '2019/7/1', 0, '通信1,2英语考试')
insert into examschedule(caid, examdate, static, context)
values (3, '2019/7/1', 0, '通信1,2C语言考试')
insert into examschedule(caid, examdate, static, context)
values (5, '2019/7/2', 0, '数科1,2数据结构考试')
insert into examschedule(caid, examdate, static, context)
values (1, '2019/7/2', 0, '数科1,2Java考试')

insert into score(esid, stuNum, score)
values (1, 201907010101, 79)
insert into score(esid, stuNum, score)
values (2, 201907010101, 77)
insert into score(esid, stuNum, score)
values (1, 201907010102, 69)
insert into score(esid, stuNum, score)
values (2, 201907010102, 60)
insert into score(esid, stuNum, score)
values (1, 201907010103, 62)
insert into score(esid, stuNum, score)
values (2, 201907010103, 73)
insert into score(esid, stuNum, score)
values (1, 201907010104, 72)
insert into score(esid, stuNum, score)
values (2, 201907010104, 93)
insert into score(esid, stuNum, score)
values (1, 201907010105, 60)
insert into score(esid, stuNum, score)
values (2, 201907010105, 66)
insert into score(esid, stuNum, score)
values (1, 201907010106, 24)
insert into score(esid, stuNum, score)
values (2, 201907010106, 87)
insert into score(esid, stuNum, score)
values (1, 201907010107, 61)
insert into score(esid, stuNum, score)
values (2, 201907010107, 87)
insert into score(esid, stuNum, score)
values (1, 201907010108, 93)
insert into score(esid, stuNum, score)
values (2, 201907010108, 75)
insert into score(esid, stuNum, score)
values (1, 201907010109, 74)
insert into score(esid, stuNum, score)
values (2, 201907010109, 90)
insert into score(esid, stuNum, score)
values (1, 201907010110, 71)
insert into score(esid, stuNum, score)
values (2, 201907010110, 70)
insert into score(esid, stuNum, score)
values (1, 201907010111, 72)
insert into score(esid, stuNum, score)
values (2, 201907010111, 74)
insert into score(esid, stuNum, score)
values (1, 201907010112, 65)
insert into score(esid, stuNum, score)
values (2, 201907010112, 82)
insert into score(esid, stuNum, score)
values (1, 201907010113, 8)
insert into score(esid, stuNum, score)
values (2, 201907010113, 98)
insert into score(esid, stuNum, score)
values (1, 201907010114, 65)
insert into score(esid, stuNum, score)
values (2, 201907010114, 20)
insert into score(esid, stuNum, score)
values (1, 201907010115, 67)
insert into score(esid, stuNum, score)
values (2, 201907010115, 77)
insert into score(esid, stuNum, score)
values (1, 201907010116, 12)
insert into score(esid, stuNum, score)
values (2, 201907010116, 86)
insert into score(esid, stuNum, score)
values (1, 201907010117, 99)
insert into score(esid, stuNum, score)
values (2, 201907010117, 61)
insert into score(esid, stuNum, score)
values (1, 201907010118, 62)
insert into score(esid, stuNum, score)
values (2, 201907010118, 53)
insert into score(esid, stuNum, score)
values (1, 201907010119, 35)
insert into score(esid, stuNum, score)
values (2, 201907010119, 80)
insert into score(esid, stuNum, score)
values (1, 201907010120, 80)
insert into score(esid, stuNum, score)
values (2, 201907010120, 75)
insert into score(esid, stuNum, score)
values (1, 201907010121, 76)
insert into score(esid, stuNum, score)
values (2, 201907010121, 43)
insert into score(esid, stuNum, score)
values (1, 201907010122, 74)
insert into score(esid, stuNum, score)
values (2, 201907010122, 65)
insert into score(esid, stuNum, score)
values (1, 201907010123, 95)
insert into score(esid, stuNum, score)
values (2, 201907010123, 70)
insert into score(esid, stuNum, score)
values (1, 201907010124, 26)
insert into score(esid, stuNum, score)
values (2, 201907010124, 65)
insert into score(esid, stuNum, score)
values (1, 201907010125, 79)
insert into score(esid, stuNum, score)
values (2, 201907010125, 73)
insert into score(esid, stuNum, score)
values (1, 201907010126, 63)
insert into score(esid, stuNum, score)
values (2, 201907010126, 72)
insert into score(esid, stuNum, score)
values (1, 201907010127, 97)
insert into score(esid, stuNum, score)
values (2, 201907010127, 100)
insert into score(esid, stuNum, score)
values (1, 201907010128, 73)
insert into score(esid, stuNum, score)
values (2, 201907010128, 62)
insert into score(esid, stuNum, score)
values (1, 201907010129, 39)
insert into score(esid, stuNum, score)
values (2, 201907010129, 78)
insert into score(esid, stuNum, score)
values (1, 201907010130, 74)
insert into score(esid, stuNum, score)
values (2, 201907010130, 24)
insert into score(esid, stuNum, score)
values (1, 201907010131, 64)
insert into score(esid, stuNum, score)
values (2, 201907010131, 81)
insert into score(esid, stuNum, score)
values (1, 201907010132, 91)
insert into score(esid, stuNum, score)
values (2, 201907010132, 78)
insert into score(esid, stuNum, score)
values (1, 201907010201, 80)
insert into score(esid, stuNum, score)
values (2, 201907010201, 85)
insert into score(esid, stuNum, score)
values (1, 201907010202, 84)
insert into score(esid, stuNum, score)
values (2, 201907010202, 63)
insert into score(esid, stuNum, score)
values (1, 201907010203, 61)
insert into score(esid, stuNum, score)
values (2, 201907010203, 62)
insert into score(esid, stuNum, score)
values (1, 201907010204, 82)
insert into score(esid, stuNum, score)
values (2, 201907010204, 62)
insert into score(esid, stuNum, score)
values (1, 201907010205, 100)
insert into score(esid, stuNum, score)
values (2, 201907010205, 77)
insert into score(esid, stuNum, score)
values (1, 201907010206, 70)
insert into score(esid, stuNum, score)
values (2, 201907010206, 72)
insert into score(esid, stuNum, score)
values (1, 201907010207, 69)
insert into score(esid, stuNum, score)
values (2, 201907010207, 86)
insert into score(esid, stuNum, score)
values (1, 201907010208, 62)
insert into score(esid, stuNum, score)
values (2, 201907010208, 33)
insert into score(esid, stuNum, score)
values (1, 201907010209, 64)
insert into score(esid, stuNum, score)
values (2, 201907010209, 92)
insert into score(esid, stuNum, score)
values (1, 201907010210, 85)
insert into score(esid, stuNum, score)
values (2, 201907010210, 94)
insert into score(esid, stuNum, score)
values (1, 201907010211, 78)
insert into score(esid, stuNum, score)
values (2, 201907010211, 19)
insert into score(esid, stuNum, score)
values (1, 201907010212, 80)
insert into score(esid, stuNum, score)
values (2, 201907010212, 73)
insert into score(esid, stuNum, score)
values (1, 201907010213, 73)
insert into score(esid, stuNum, score)
values (2, 201907010213, 60)
insert into score(esid, stuNum, score)
values (1, 201907010214, 70)
insert into score(esid, stuNum, score)
values (2, 201907010214, 14)
insert into score(esid, stuNum, score)
values (1, 201907010215, 84)
insert into score(esid, stuNum, score)
values (2, 201907010215, 82)
insert into score(esid, stuNum, score)
values (1, 201907010216, 39)
insert into score(esid, stuNum, score)
values (2, 201907010216, 64)
insert into score(esid, stuNum, score)
values (1, 201907010217, 79)
insert into score(esid, stuNum, score)
values (2, 201907010217, 74)
insert into score(esid, stuNum, score)
values (1, 201907010218, 63)
insert into score(esid, stuNum, score)
values (2, 201907010218, 28)
insert into score(esid, stuNum, score)
values (1, 201907010219, 68)
insert into score(esid, stuNum, score)
values (2, 201907010219, 27)
insert into score(esid, stuNum, score)
values (1, 201907010220, 81)
insert into score(esid, stuNum, score)
values (2, 201907010220, 69)
insert into score(esid, stuNum, score)
values (1, 201907010221, 80)
insert into score(esid, stuNum, score)
values (2, 201907010221, 90)
insert into score(esid, stuNum, score)
values (1, 201907010222, 98)
insert into score(esid, stuNum, score)
values (2, 201907010222, 72)
insert into score(esid, stuNum, score)
values (1, 201907010223, 77)
insert into score(esid, stuNum, score)
values (2, 201907010223, 38)
insert into score(esid, stuNum, score)
values (1, 201907010224, 87)
insert into score(esid, stuNum, score)
values (2, 201907010224, 3)
insert into score(esid, stuNum, score)
values (1, 201907010225, 92)
insert into score(esid, stuNum, score)
values (2, 201907010225, 94)
insert into score(esid, stuNum, score)
values (1, 201907010226, 70)
insert into score(esid, stuNum, score)
values (2, 201907010226, 77)
insert into score(esid, stuNum, score)
values (1, 201907010227, 73)
insert into score(esid, stuNum, score)
values (2, 201907010227, 74)
insert into score(esid, stuNum, score)
values (1, 201907010228, 65)
insert into score(esid, stuNum, score)
values (2, 201907010228, 62)
insert into score(esid, stuNum, score)
values (1, 201907010229, 79)
insert into score(esid, stuNum, score)
values (2, 201907010229, 65)
insert into score(esid, stuNum, score)
values (1, 201907010230, 71)
insert into score(esid, stuNum, score)
values (2, 201907010230, 71)
insert into score(esid, stuNum, score)
values (1, 201907010231, 71)
insert into score(esid, stuNum, score)
values (2, 201907010231, 94)
insert into score(esid, stuNum, score)
values (1, 201907010232, 93)
insert into score(esid, stuNum, score)
values (2, 201907010232, 89)
insert into score(esid, stuNum, score)
values (2, 201907010301, 96)
insert into score(esid, stuNum, score)
values (4, 201907010301, 40)
insert into score(esid, stuNum, score)
values (2, 201907010302, 85)
insert into score(esid, stuNum, score)
values (4, 201907010302, 65)
insert into score(esid, stuNum, score)
values (2, 201907010303, 62)
insert into score(esid, stuNum, score)
values (4, 201907010303, 72)
insert into score(esid, stuNum, score)
values (2, 201907010304, 93)
insert into score(esid, stuNum, score)
values (4, 201907010304, 65)
insert into score(esid, stuNum, score)
values (2, 201907010305, 72)
insert into score(esid, stuNum, score)
values (4, 201907010305, 64)
insert into score(esid, stuNum, score)
values (2, 201907010306, 89)
insert into score(esid, stuNum, score)
values (4, 201907010306, 62)
insert into score(esid, stuNum, score)
values (2, 201907010307, 78)
insert into score(esid, stuNum, score)
values (4, 201907010307, 76)
insert into score(esid, stuNum, score)
values (2, 201907010308, 81)
insert into score(esid, stuNum, score)
values (4, 201907010308, 82)
insert into score(esid, stuNum, score)
values (2, 201907010309, 80)
insert into score(esid, stuNum, score)
values (4, 201907010309, 71)
insert into score(esid, stuNum, score)
values (2, 201907010310, 76)
insert into score(esid, stuNum, score)
values (4, 201907010310, 64)
insert into score(esid, stuNum, score)
values (2, 201907010311, 94)
insert into score(esid, stuNum, score)
values (4, 201907010311, 64)
insert into score(esid, stuNum, score)
values (2, 201907010312, 87)
insert into score(esid, stuNum, score)
values (4, 201907010312, 81)
insert into score(esid, stuNum, score)
values (2, 201907010313, 90)
insert into score(esid, stuNum, score)
values (4, 201907010313, 87)
insert into score(esid, stuNum, score)
values (2, 201907010314, 75)
insert into score(esid, stuNum, score)
values (4, 201907010314, 83)
insert into score(esid, stuNum, score)
values (2, 201907010315, 72)
insert into score(esid, stuNum, score)
values (4, 201907010315, 67)
insert into score(esid, stuNum, score)
values (2, 201907010316, 26)
insert into score(esid, stuNum, score)
values (4, 201907010316, 95)
insert into score(esid, stuNum, score)
values (2, 201907010317, 74)
insert into score(esid, stuNum, score)
values (4, 201907010317, 93)
insert into score(esid, stuNum, score)
values (2, 201907010318, 85)
insert into score(esid, stuNum, score)
values (4, 201907010318, 63)
insert into score(esid, stuNum, score)
values (2, 201907010319, 75)
insert into score(esid, stuNum, score)
values (4, 201907010319, 92)
insert into score(esid, stuNum, score)
values (2, 201907010320, 77)
insert into score(esid, stuNum, score)
values (4, 201907010320, 77)
insert into score(esid, stuNum, score)
values (2, 201907010321, 73)
insert into score(esid, stuNum, score)
values (4, 201907010321, 63)
insert into score(esid, stuNum, score)
values (2, 201907010322, 61)
insert into score(esid, stuNum, score)
values (4, 201907010322, 72)
insert into score(esid, stuNum, score)
values (2, 201907010323, 98)
insert into score(esid, stuNum, score)
values (4, 201907010323, 92)
insert into score(esid, stuNum, score)
values (2, 201907010324, 66)
insert into score(esid, stuNum, score)
values (4, 201907010324, 63)
insert into score(esid, stuNum, score)
values (2, 201907010325, 98)
insert into score(esid, stuNum, score)
values (4, 201907010325, 73)
insert into score(esid, stuNum, score)
values (2, 201907010326, 41)
insert into score(esid, stuNum, score)
values (4, 201907010326, 23)
insert into score(esid, stuNum, score)
values (2, 201907010327, 79)
insert into score(esid, stuNum, score)
values (4, 201907010327, 73)
insert into score(esid, stuNum, score)
values (2, 201907010328, 68)
insert into score(esid, stuNum, score)
values (4, 201907010328, 68)
insert into score(esid, stuNum, score)
values (2, 201907010329, 69)
insert into score(esid, stuNum, score)
values (4, 201907010329, 92)
insert into score(esid, stuNum, score)
values (2, 201907010330, 71)
insert into score(esid, stuNum, score)
values (4, 201907010330, 66)
insert into score(esid, stuNum, score)
values (2, 201907010331, 98)
insert into score(esid, stuNum, score)
values (4, 201907010331, 88)
insert into score(esid, stuNum, score)
values (2, 201907010332, 64)
insert into score(esid, stuNum, score)
values (4, 201907010332, 31)
insert into score(esid, stuNum, score)
values (2, 201907010401, 84)
insert into score(esid, stuNum, score)
values (4, 201907010401, 64)
insert into score(esid, stuNum, score)
values (2, 201907010402, 94)
insert into score(esid, stuNum, score)
values (4, 201907010402, 72)
insert into score(esid, stuNum, score)
values (2, 201907010403, 61)
insert into score(esid, stuNum, score)
values (4, 201907010403, 63)
insert into score(esid, stuNum, score)
values (2, 201907010404, 98)
insert into score(esid, stuNum, score)
values (4, 201907010404, 82)
insert into score(esid, stuNum, score)
values (2, 201907010405, 85)
insert into score(esid, stuNum, score)
values (4, 201907010405, 64)
insert into score(esid, stuNum, score)
values (2, 201907010406, 66)
insert into score(esid, stuNum, score)
values (4, 201907010406, 62)
insert into score(esid, stuNum, score)
values (2, 201907010407, 66)
insert into score(esid, stuNum, score)
values (4, 201907010407, 74)
insert into score(esid, stuNum, score)
values (2, 201907010408, 84)
insert into score(esid, stuNum, score)
values (4, 201907010408, 29)
insert into score(esid, stuNum, score)
values (2, 201907010409, 10)
insert into score(esid, stuNum, score)
values (4, 201907010409, 76)
insert into score(esid, stuNum, score)
values (2, 201907010410, 74)
insert into score(esid, stuNum, score)
values (4, 201907010410, 92)
insert into score(esid, stuNum, score)
values (2, 201907010411, 57)
insert into score(esid, stuNum, score)
values (4, 201907010411, 66)
insert into score(esid, stuNum, score)
values (2, 201907010412, 41)
insert into score(esid, stuNum, score)
values (4, 201907010412, 75)
insert into score(esid, stuNum, score)
values (2, 201907010413, 73)
insert into score(esid, stuNum, score)
values (4, 201907010413, 62)
insert into score(esid, stuNum, score)
values (2, 201907010414, 72)
insert into score(esid, stuNum, score)
values (4, 201907010414, 79)
insert into score(esid, stuNum, score)
values (2, 201907010415, 72)
insert into score(esid, stuNum, score)
values (4, 201907010415, 70)
insert into score(esid, stuNum, score)
values (2, 201907010416, 77)
insert into score(esid, stuNum, score)
values (4, 201907010416, 67)
insert into score(esid, stuNum, score)
values (2, 201907010417, 29)
insert into score(esid, stuNum, score)
values (4, 201907010417, 50)
insert into score(esid, stuNum, score)
values (2, 201907010418, 59)
insert into score(esid, stuNum, score)
values (4, 201907010418, 91)
insert into score(esid, stuNum, score)
values (2, 201907010419, 65)
insert into score(esid, stuNum, score)
values (4, 201907010419, 63)
insert into score(esid, stuNum, score)
values (2, 201907010420, 66)
insert into score(esid, stuNum, score)
values (4, 201907010420, 70)
insert into score(esid, stuNum, score)
values (2, 201907010421, 63)
insert into score(esid, stuNum, score)
values (4, 201907010421, 65)
insert into score(esid, stuNum, score)
values (2, 201907010422, 68)
insert into score(esid, stuNum, score)
values (4, 201907010422, 72)
insert into score(esid, stuNum, score)
values (2, 201907010423, 70)
insert into score(esid, stuNum, score)
values (4, 201907010423, 18)
insert into score(esid, stuNum, score)
values (2, 201907010424, 74)
insert into score(esid, stuNum, score)
values (4, 201907010424, 74)
insert into score(esid, stuNum, score)
values (2, 201907010425, 78)
insert into score(esid, stuNum, score)
values (4, 201907010425, 0)
insert into score(esid, stuNum, score)
values (2, 201907010426, 8)
insert into score(esid, stuNum, score)
values (4, 201907010426, 62)
insert into score(esid, stuNum, score)
values (2, 201907010427, 81)
insert into score(esid, stuNum, score)
values (4, 201907010427, 84)
insert into score(esid, stuNum, score)
values (2, 201907010428, 60)
insert into score(esid, stuNum, score)
values (4, 201907010428, 76)
insert into score(esid, stuNum, score)
values (2, 201907010429, 93)
insert into score(esid, stuNum, score)
values (4, 201907010429, 78)
insert into score(esid, stuNum, score)
values (2, 201907010430, 60)
insert into score(esid, stuNum, score)
values (4, 201907010430, 90)
insert into score(esid, stuNum, score)
values (2, 201907010431, 85)
insert into score(esid, stuNum, score)
values (4, 201907010431, 7)
insert into score(esid, stuNum, score)
values (2, 201907010432, 87)
insert into score(esid, stuNum, score)
values (4, 201907010432, 79)
insert into score(esid, stuNum, score)
values (3, 201907010501, 98)
insert into score(esid, stuNum, score)
values (6, 201907010501, 63)
insert into score(esid, stuNum, score)
values (3, 201907010502, 96)
insert into score(esid, stuNum, score)
values (6, 201907010502, 76)
insert into score(esid, stuNum, score)
values (3, 201907010503, 63)
insert into score(esid, stuNum, score)
values (6, 201907010503, 70)
insert into score(esid, stuNum, score)
values (3, 201907010504, 34)
insert into score(esid, stuNum, score)
values (6, 201907010504, 62)
insert into score(esid, stuNum, score)
values (3, 201907010505, 57)
insert into score(esid, stuNum, score)
values (6, 201907010505, 77)
insert into score(esid, stuNum, score)
values (3, 201907010506, 73)
insert into score(esid, stuNum, score)
values (6, 201907010506, 62)
insert into score(esid, stuNum, score)
values (3, 201907010507, 72)
insert into score(esid, stuNum, score)
values (6, 201907010507, 65)
insert into score(esid, stuNum, score)
values (3, 201907010508, 23)
insert into score(esid, stuNum, score)
values (6, 201907010508, 88)
insert into score(esid, stuNum, score)
values (3, 201907010509, 80)
insert into score(esid, stuNum, score)
values (6, 201907010509, 84)
insert into score(esid, stuNum, score)
values (3, 201907010510, 9)
insert into score(esid, stuNum, score)
values (6, 201907010510, 76)
insert into score(esid, stuNum, score)
values (3, 201907010511, 69)
insert into score(esid, stuNum, score)
values (6, 201907010511, 85)
insert into score(esid, stuNum, score)
values (3, 201907010512, 14)
insert into score(esid, stuNum, score)
values (6, 201907010512, 78)
insert into score(esid, stuNum, score)
values (3, 201907010513, 62)
insert into score(esid, stuNum, score)
values (6, 201907010513, 30)
insert into score(esid, stuNum, score)
values (3, 201907010514, 90)
insert into score(esid, stuNum, score)
values (6, 201907010514, 70)
insert into score(esid, stuNum, score)
values (3, 201907010515, 76)
insert into score(esid, stuNum, score)
values (6, 201907010515, 91)
insert into score(esid, stuNum, score)
values (3, 201907010516, 86)
insert into score(esid, stuNum, score)
values (6, 201907010516, 82)
insert into score(esid, stuNum, score)
values (3, 201907010517, 99)
insert into score(esid, stuNum, score)
values (6, 201907010517, 29)
insert into score(esid, stuNum, score)
values (3, 201907010518, 70)
insert into score(esid, stuNum, score)
values (6, 201907010518, 82)
insert into score(esid, stuNum, score)
values (3, 201907010519, 69)
insert into score(esid, stuNum, score)
values (6, 201907010519, 73)
insert into score(esid, stuNum, score)
values (3, 201907010520, 70)
insert into score(esid, stuNum, score)
values (6, 201907010520, 84)
insert into score(esid, stuNum, score)
values (3, 201907010521, 73)
insert into score(esid, stuNum, score)
values (6, 201907010521, 70)
insert into score(esid, stuNum, score)
values (3, 201907010522, 29)
insert into score(esid, stuNum, score)
values (6, 201907010522, 94)
insert into score(esid, stuNum, score)
values (3, 201907010523, 73)
insert into score(esid, stuNum, score)
values (6, 201907010523, 63)
insert into score(esid, stuNum, score)
values (3, 201907010524, 76)
insert into score(esid, stuNum, score)
values (6, 201907010524, 78)
insert into score(esid, stuNum, score)
values (3, 201907010525, 72)
insert into score(esid, stuNum, score)
values (6, 201907010525, 91)
insert into score(esid, stuNum, score)
values (3, 201907010526, 87)
insert into score(esid, stuNum, score)
values (6, 201907010526, 52)
insert into score(esid, stuNum, score)
values (3, 201907010527, 24)
insert into score(esid, stuNum, score)
values (6, 201907010527, 80)
insert into score(esid, stuNum, score)
values (3, 201907010528, 95)
insert into score(esid, stuNum, score)
values (6, 201907010528, 65)
insert into score(esid, stuNum, score)
values (3, 201907010529, 19)
insert into score(esid, stuNum, score)
values (6, 201907010529, 70)
insert into score(esid, stuNum, score)
values (3, 201907010530, 74)
insert into score(esid, stuNum, score)
values (6, 201907010530, 5)
insert into score(esid, stuNum, score)
values (3, 201907010531, 92)
insert into score(esid, stuNum, score)
values (6, 201907010531, 66)
insert into score(esid, stuNum, score)
values (3, 201907010532, 12)
insert into score(esid, stuNum, score)
values (6, 201907010532, 4)
insert into score(esid, stuNum, score)
values (3, 201907010601, 84)
insert into score(esid, stuNum, score)
values (6, 201907010601, 66)
insert into score(esid, stuNum, score)
values (3, 201907010602, 90)
insert into score(esid, stuNum, score)
values (6, 201907010602, 95)
insert into score(esid, stuNum, score)
values (3, 201907010603, 7)
insert into score(esid, stuNum, score)
values (6, 201907010603, 39)
insert into score(esid, stuNum, score)
values (3, 201907010604, 95)
insert into score(esid, stuNum, score)
values (6, 201907010604, 81)
insert into score(esid, stuNum, score)
values (3, 201907010605, 64)
insert into score(esid, stuNum, score)
values (6, 201907010605, 81)
insert into score(esid, stuNum, score)
values (3, 201907010606, 76)
insert into score(esid, stuNum, score)
values (6, 201907010606, 18)
insert into score(esid, stuNum, score)
values (3, 201907010607, 67)
insert into score(esid, stuNum, score)
values (6, 201907010607, 65)
insert into score(esid, stuNum, score)
values (3, 201907010608, 78)
insert into score(esid, stuNum, score)
values (6, 201907010608, 82)
insert into score(esid, stuNum, score)
values (3, 201907010609, 64)
insert into score(esid, stuNum, score)
values (6, 201907010609, 72)
insert into score(esid, stuNum, score)
values (3, 201907010610, 74)
insert into score(esid, stuNum, score)
values (6, 201907010610, 68)
insert into score(esid, stuNum, score)
values (3, 201907010611, 66)
insert into score(esid, stuNum, score)
values (6, 201907010611, 77)
insert into score(esid, stuNum, score)
values (3, 201907010612, 3)
insert into score(esid, stuNum, score)
values (6, 201907010612, 87)
insert into score(esid, stuNum, score)
values (3, 201907010613, 77)
insert into score(esid, stuNum, score)
values (6, 201907010613, 76)
insert into score(esid, stuNum, score)
values (3, 201907010614, 63)
insert into score(esid, stuNum, score)
values (6, 201907010614, 61)
insert into score(esid, stuNum, score)
values (3, 201907010615, 62)
insert into score(esid, stuNum, score)
values (6, 201907010615, 73)
insert into score(esid, stuNum, score)
values (3, 201907010616, 1)
insert into score(esid, stuNum, score)
values (6, 201907010616, 63)
insert into score(esid, stuNum, score)
values (3, 201907010617, 83)
insert into score(esid, stuNum, score)
values (6, 201907010617, 91)
insert into score(esid, stuNum, score)
values (3, 201907010618, 61)
insert into score(esid, stuNum, score)
values (6, 201907010618, 98)
insert into score(esid, stuNum, score)
values (3, 201907010619, 92)
insert into score(esid, stuNum, score)
values (6, 201907010619, 72)
insert into score(esid, stuNum, score)
values (3, 201907010620, 71)
insert into score(esid, stuNum, score)
values (6, 201907010620, 68)
insert into score(esid, stuNum, score)
values (3, 201907010621, 51)
insert into score(esid, stuNum, score)
values (6, 201907010621, 96)
insert into score(esid, stuNum, score)
values (3, 201907010622, 27)
insert into score(esid, stuNum, score)
values (6, 201907010622, 64)
insert into score(esid, stuNum, score)
values (3, 201907010623, 60)
insert into score(esid, stuNum, score)
values (6, 201907010623, 69)
insert into score(esid, stuNum, score)
values (3, 201907010624, 79)
insert into score(esid, stuNum, score)
values (6, 201907010624, 74)
insert into score(esid, stuNum, score)
values (3, 201907010625, 92)
insert into score(esid, stuNum, score)
values (6, 201907010625, 73)
insert into score(esid, stuNum, score)
values (3, 201907010626, 78)
insert into score(esid, stuNum, score)
values (6, 201907010626, 68)
insert into score(esid, stuNum, score)
values (3, 201907010627, 79)
insert into score(esid, stuNum, score)
values (6, 201907010627, 63)
insert into score(esid, stuNum, score)
values (3, 201907010628, 65)
insert into score(esid, stuNum, score)
values (6, 201907010628, 94)
insert into score(esid, stuNum, score)
values (3, 201907010629, 68)
insert into score(esid, stuNum, score)
values (6, 201907010629, 85)
insert into score(esid, stuNum, score)
values (3, 201907010630, 63)
insert into score(esid, stuNum, score)
values (6, 201907010630, 11)
insert into score(esid, stuNum, score)
values (3, 201907010631, 91)
insert into score(esid, stuNum, score)
values (6, 201907010631, 3)
insert into score(esid, stuNum, score)
values (3, 201907010632, 68)
insert into score(esid, stuNum, score)
values (6, 201907010632, 89)
insert into score(esid, stuNum, score)
values (4, 201907010701, 49)
insert into score(esid, stuNum, score)
values (8, 201907010701, 98)
insert into score(esid, stuNum, score)
values (4, 201907010702, 70)
insert into score(esid, stuNum, score)
values (8, 201907010702, 71)
insert into score(esid, stuNum, score)
values (4, 201907010703, 87)
insert into score(esid, stuNum, score)
values (8, 201907010703, 93)
insert into score(esid, stuNum, score)
values (4, 201907010704, 60)
insert into score(esid, stuNum, score)
values (8, 201907010704, 81)
insert into score(esid, stuNum, score)
values (4, 201907010705, 78)
insert into score(esid, stuNum, score)
values (8, 201907010705, 68)
insert into score(esid, stuNum, score)
values (4, 201907010706, 93)
insert into score(esid, stuNum, score)
values (8, 201907010706, 100)
insert into score(esid, stuNum, score)
values (4, 201907010707, 37)
insert into score(esid, stuNum, score)
values (8, 201907010707, 65)
insert into score(esid, stuNum, score)
values (4, 201907010708, 66)
insert into score(esid, stuNum, score)
values (8, 201907010708, 96)
insert into score(esid, stuNum, score)
values (4, 201907010709, 70)
insert into score(esid, stuNum, score)
values (8, 201907010709, 19)
insert into score(esid, stuNum, score)
values (4, 201907010710, 68)
insert into score(esid, stuNum, score)
values (8, 201907010710, 72)
insert into score(esid, stuNum, score)
values (4, 201907010711, 99)
insert into score(esid, stuNum, score)
values (8, 201907010711, 63)
insert into score(esid, stuNum, score)
values (4, 201907010712, 95)
insert into score(esid, stuNum, score)
values (8, 201907010712, 79)
insert into score(esid, stuNum, score)
values (4, 201907010713, 81)
insert into score(esid, stuNum, score)
values (8, 201907010713, 13)
insert into score(esid, stuNum, score)
values (4, 201907010714, 73)
insert into score(esid, stuNum, score)
values (8, 201907010714, 65)
insert into score(esid, stuNum, score)
values (4, 201907010715, 70)
insert into score(esid, stuNum, score)
values (8, 201907010715, 61)
insert into score(esid, stuNum, score)
values (4, 201907010716, 95)
insert into score(esid, stuNum, score)
values (8, 201907010716, 79)
insert into score(esid, stuNum, score)
values (4, 201907010717, 71)
insert into score(esid, stuNum, score)
values (8, 201907010717, 17)
insert into score(esid, stuNum, score)
values (4, 201907010718, 36)
insert into score(esid, stuNum, score)
values (8, 201907010718, 47)
insert into score(esid, stuNum, score)
values (4, 201907010719, 86)
insert into score(esid, stuNum, score)
values (8, 201907010719, 85)
insert into score(esid, stuNum, score)
values (4, 201907010720, 100)
insert into score(esid, stuNum, score)
values (8, 201907010720, 81)
insert into score(esid, stuNum, score)
values (4, 201907010721, 67)
insert into score(esid, stuNum, score)
values (8, 201907010721, 74)
insert into score(esid, stuNum, score)
values (4, 201907010722, 83)
insert into score(esid, stuNum, score)
values (8, 201907010722, 90)
insert into score(esid, stuNum, score)
values (4, 201907010723, 90)
insert into score(esid, stuNum, score)
values (8, 201907010723, 61)
insert into score(esid, stuNum, score)
values (4, 201907010724, 96)
insert into score(esid, stuNum, score)
values (8, 201907010724, 96)
insert into score(esid, stuNum, score)
values (4, 201907010725, 86)
insert into score(esid, stuNum, score)
values (8, 201907010725, 66)
insert into score(esid, stuNum, score)
values (4, 201907010726, 74)
insert into score(esid, stuNum, score)
values (8, 201907010726, 75)
insert into score(esid, stuNum, score)
values (4, 201907010727, 84)
insert into score(esid, stuNum, score)
values (8, 201907010727, 70)
insert into score(esid, stuNum, score)
values (4, 201907010728, 64)
insert into score(esid, stuNum, score)
values (8, 201907010728, 68)
insert into score(esid, stuNum, score)
values (4, 201907010729, 87)
insert into score(esid, stuNum, score)
values (8, 201907010729, 90)
insert into score(esid, stuNum, score)
values (4, 201907010730, 77)
insert into score(esid, stuNum, score)
values (8, 201907010730, 77)
insert into score(esid, stuNum, score)
values (4, 201907010731, 64)
insert into score(esid, stuNum, score)
values (8, 201907010731, 86)
insert into score(esid, stuNum, score)
values (4, 201907010732, 100)
insert into score(esid, stuNum, score)
values (8, 201907010732, 95)
insert into score(esid, stuNum, score)
values (4, 201907010801, 68)
insert into score(esid, stuNum, score)
values (8, 201907010801, 97)
insert into score(esid, stuNum, score)
values (4, 201907010802, 89)
insert into score(esid, stuNum, score)
values (8, 201907010802, 65)
insert into score(esid, stuNum, score)
values (4, 201907010803, 51)
insert into score(esid, stuNum, score)
values (8, 201907010803, 75)
insert into score(esid, stuNum, score)
values (4, 201907010804, 69)
insert into score(esid, stuNum, score)
values (8, 201907010804, 75)
insert into score(esid, stuNum, score)
values (4, 201907010805, 82)
insert into score(esid, stuNum, score)
values (8, 201907010805, 62)
insert into score(esid, stuNum, score)
values (4, 201907010806, 24)
insert into score(esid, stuNum, score)
values (8, 201907010806, 55)
insert into score(esid, stuNum, score)
values (4, 201907010807, 14)
insert into score(esid, stuNum, score)
values (8, 201907010807, 74)
insert into score(esid, stuNum, score)
values (4, 201907010808, 17)
insert into score(esid, stuNum, score)
values (8, 201907010808, 67)
insert into score(esid, stuNum, score)
values (4, 201907010809, 57)
insert into score(esid, stuNum, score)
values (8, 201907010809, 43)
insert into score(esid, stuNum, score)
values (4, 201907010810, 75)
insert into score(esid, stuNum, score)
values (8, 201907010810, 93)
insert into score(esid, stuNum, score)
values (4, 201907010811, 43)
insert into score(esid, stuNum, score)
values (8, 201907010811, 70)
insert into score(esid, stuNum, score)
values (4, 201907010812, 4)
insert into score(esid, stuNum, score)
values (8, 201907010812, 32)
insert into score(esid, stuNum, score)
values (4, 201907010813, 71)
insert into score(esid, stuNum, score)
values (8, 201907010813, 95)
insert into score(esid, stuNum, score)
values (4, 201907010814, 90)
insert into score(esid, stuNum, score)
values (8, 201907010814, 41)
insert into score(esid, stuNum, score)
values (4, 201907010815, 72)
insert into score(esid, stuNum, score)
values (8, 201907010815, 79)
insert into score(esid, stuNum, score)
values (4, 201907010816, 75)
insert into score(esid, stuNum, score)
values (8, 201907010816, 77)
insert into score(esid, stuNum, score)
values (4, 201907010817, 75)
insert into score(esid, stuNum, score)
values (8, 201907010817, 47)
insert into score(esid, stuNum, score)
values (4, 201907010818, 86)
insert into score(esid, stuNum, score)
values (8, 201907010818, 89)
insert into score(esid, stuNum, score)
values (4, 201907010819, 70)
insert into score(esid, stuNum, score)
values (8, 201907010819, 77)
insert into score(esid, stuNum, score)
values (4, 201907010820, 54)
insert into score(esid, stuNum, score)
values (8, 201907010820, 90)
insert into score(esid, stuNum, score)
values (4, 201907010821, 93)
insert into score(esid, stuNum, score)
values (8, 201907010821, 64)
insert into score(esid, stuNum, score)
values (4, 201907010822, 63)
insert into score(esid, stuNum, score)
values (8, 201907010822, 25)
insert into score(esid, stuNum, score)
values (4, 201907010823, 69)
insert into score(esid, stuNum, score)
values (8, 201907010823, 58)
insert into score(esid, stuNum, score)
values (4, 201907010824, 64)
insert into score(esid, stuNum, score)
values (8, 201907010824, 66)
insert into score(esid, stuNum, score)
values (4, 201907010825, 95)
insert into score(esid, stuNum, score)
values (8, 201907010825, 97)
insert into score(esid, stuNum, score)
values (4, 201907010826, 83)
insert into score(esid, stuNum, score)
values (8, 201907010826, 16)
insert into score(esid, stuNum, score)
values (4, 201907010827, 84)
insert into score(esid, stuNum, score)
values (8, 201907010827, 74)
insert into score(esid, stuNum, score)
values (4, 201907010828, 75)
insert into score(esid, stuNum, score)
values (8, 201907010828, 68)
insert into score(esid, stuNum, score)
values (4, 201907010829, 61)
insert into score(esid, stuNum, score)
values (8, 201907010829, 65)
insert into score(esid, stuNum, score)
values (4, 201907010830, 43)
insert into score(esid, stuNum, score)
values (8, 201907010830, 71)
insert into score(esid, stuNum, score)
values (4, 201907010831, 62)
insert into score(esid, stuNum, score)
values (8, 201907010831, 74)
insert into score(esid, stuNum, score)
values (4, 201907010832, 66)
insert into score(esid, stuNum, score)
values (8, 201907010832, 74)
insert into score(esid, stuNum, score)
values (9, 201907020101, 73)
insert into score(esid, stuNum, score)
values (10, 201907020101, 78)
insert into score(esid, stuNum, score)
values (9, 201907020102, 7)
insert into score(esid, stuNum, score)
values (10, 201907020102, 98)
insert into score(esid, stuNum, score)
values (9, 201907020103, 60)
insert into score(esid, stuNum, score)
values (10, 201907020103, 99)
insert into score(esid, stuNum, score)
values (9, 201907020104, 80)
insert into score(esid, stuNum, score)
values (10, 201907020104, 76)
insert into score(esid, stuNum, score)
values (9, 201907020105, 91)
insert into score(esid, stuNum, score)
values (10, 201907020105, 94)
insert into score(esid, stuNum, score)
values (9, 201907020106, 67)
insert into score(esid, stuNum, score)
values (10, 201907020106, 90)
insert into score(esid, stuNum, score)
values (9, 201907020107, 61)
insert into score(esid, stuNum, score)
values (10, 201907020107, 57)
insert into score(esid, stuNum, score)
values (9, 201907020108, 81)
insert into score(esid, stuNum, score)
values (10, 201907020108, 63)
insert into score(esid, stuNum, score)
values (9, 201907020109, 60)
insert into score(esid, stuNum, score)
values (10, 201907020109, 82)
insert into score(esid, stuNum, score)
values (9, 201907020110, 73)
insert into score(esid, stuNum, score)
values (10, 201907020110, 76)
insert into score(esid, stuNum, score)
values (9, 201907020111, 71)
insert into score(esid, stuNum, score)
values (10, 201907020111, 96)
insert into score(esid, stuNum, score)
values (9, 201907020112, 93)
insert into score(esid, stuNum, score)
values (10, 201907020112, 73)
insert into score(esid, stuNum, score)
values (9, 201907020113, 83)
insert into score(esid, stuNum, score)
values (10, 201907020113, 91)
insert into score(esid, stuNum, score)
values (9, 201907020114, 88)
insert into score(esid, stuNum, score)
values (10, 201907020114, 60)
insert into score(esid, stuNum, score)
values (9, 201907020115, 95)
insert into score(esid, stuNum, score)
values (10, 201907020115, 77)
insert into score(esid, stuNum, score)
values (9, 201907020116, 64)
insert into score(esid, stuNum, score)
values (10, 201907020116, 17)
insert into score(esid, stuNum, score)
values (9, 201907020117, 85)
insert into score(esid, stuNum, score)
values (10, 201907020117, 95)
insert into score(esid, stuNum, score)
values (9, 201907020118, 67)
insert into score(esid, stuNum, score)
values (10, 201907020118, 73)
insert into score(esid, stuNum, score)
values (9, 201907020119, 64)
insert into score(esid, stuNum, score)
values (10, 201907020119, 96)
insert into score(esid, stuNum, score)
values (9, 201907020120, 94)
insert into score(esid, stuNum, score)
values (10, 201907020120, 72)
insert into score(esid, stuNum, score)
values (9, 201907020121, 72)
insert into score(esid, stuNum, score)
values (10, 201907020121, 60)
insert into score(esid, stuNum, score)
values (9, 201907020122, 45)
insert into score(esid, stuNum, score)
values (10, 201907020122, 66)
insert into score(esid, stuNum, score)
values (9, 201907020123, 62)
insert into score(esid, stuNum, score)
values (10, 201907020123, 76)
insert into score(esid, stuNum, score)
values (9, 201907020124, 80)
insert into score(esid, stuNum, score)
values (10, 201907020124, 65)
insert into score(esid, stuNum, score)
values (9, 201907020125, 81)
insert into score(esid, stuNum, score)
values (10, 201907020125, 97)
insert into score(esid, stuNum, score)
values (9, 201907020126, 62)
insert into score(esid, stuNum, score)
values (10, 201907020126, 88)
insert into score(esid, stuNum, score)
values (9, 201907020127, 91)
insert into score(esid, stuNum, score)
values (10, 201907020127, 96)
insert into score(esid, stuNum, score)
values (9, 201907020128, 64)
insert into score(esid, stuNum, score)
values (10, 201907020128, 45)
insert into score(esid, stuNum, score)
values (9, 201907020129, 93)
insert into score(esid, stuNum, score)
values (10, 201907020129, 69)
insert into score(esid, stuNum, score)
values (9, 201907020130, 60)
insert into score(esid, stuNum, score)
values (10, 201907020130, 87)
insert into score(esid, stuNum, score)
values (9, 201907020131, 87)
insert into score(esid, stuNum, score)
values (10, 201907020131, 70)
insert into score(esid, stuNum, score)
values (9, 201907020132, 85)
insert into score(esid, stuNum, score)
values (10, 201907020132, 70)
insert into score(esid, stuNum, score)
values (9, 201907020191, 66)
insert into score(esid, stuNum, score)
values (10, 201907020191, 83)
insert into score(esid, stuNum, score)
values (9, 201907020192, 67)
insert into score(esid, stuNum, score)
values (10, 201907020192, 78)
insert into score(esid, stuNum, score)
values (9, 201907020193, 60)
insert into score(esid, stuNum, score)
values (10, 201907020193, 1)
insert into score(esid, stuNum, score)
values (9, 201907020194, 68)
insert into score(esid, stuNum, score)
values (10, 201907020194, 80)
insert into score(esid, stuNum, score)
values (9, 201907020195, 51)
insert into score(esid, stuNum, score)
values (10, 201907020195, 78)
insert into score(esid, stuNum, score)
values (9, 201907020196, 80)
insert into score(esid, stuNum, score)
values (10, 201907020196, 92)
insert into score(esid, stuNum, score)
values (9, 201907020197, 78)
insert into score(esid, stuNum, score)
values (10, 201907020197, 76)
insert into score(esid, stuNum, score)
values (9, 201907020198, 82)
insert into score(esid, stuNum, score)
values (10, 201907020198, 69)
insert into score(esid, stuNum, score)
values (9, 201907020199, 34)
insert into score(esid, stuNum, score)
values (10, 201907020199, 62)
insert into score(esid, stuNum, score)
values (9, 201907020210, 46)
insert into score(esid, stuNum, score)
values (10, 201907020210, 64)
insert into score(esid, stuNum, score)
values (9, 201907020211, 48)
insert into score(esid, stuNum, score)
values (10, 201907020211, 64)
insert into score(esid, stuNum, score)
values (9, 201907020212, 66)
insert into score(esid, stuNum, score)
values (10, 201907020212, 70)
insert into score(esid, stuNum, score)
values (9, 201907020213, 69)
insert into score(esid, stuNum, score)
values (10, 201907020213, 98)
insert into score(esid, stuNum, score)
values (9, 201907020214, 74)
insert into score(esid, stuNum, score)
values (10, 201907020214, 71)
insert into score(esid, stuNum, score)
values (9, 201907020215, 85)
insert into score(esid, stuNum, score)
values (10, 201907020215, 61)
insert into score(esid, stuNum, score)
values (9, 201907020216, 76)
insert into score(esid, stuNum, score)
values (10, 201907020216, 46)
insert into score(esid, stuNum, score)
values (9, 201907020217, 49)
insert into score(esid, stuNum, score)
values (10, 201907020217, 71)
insert into score(esid, stuNum, score)
values (9, 201907020218, 72)
insert into score(esid, stuNum, score)
values (10, 201907020218, 76)
insert into score(esid, stuNum, score)
values (9, 201907020219, 44)
insert into score(esid, stuNum, score)
values (10, 201907020219, 76)
insert into score(esid, stuNum, score)
values (9, 201907020220, 48)
insert into score(esid, stuNum, score)
values (10, 201907020220, 83)
insert into score(esid, stuNum, score)
values (9, 201907020221, 23)
insert into score(esid, stuNum, score)
values (10, 201907020221, 99)
insert into score(esid, stuNum, score)
values (9, 201907020222, 84)
insert into score(esid, stuNum, score)
values (10, 201907020222, 72)
insert into score(esid, stuNum, score)
values (9, 201907020223, 88)
insert into score(esid, stuNum, score)
values (10, 201907020223, 91)
insert into score(esid, stuNum, score)
values (9, 201907020224, 67)
insert into score(esid, stuNum, score)
values (10, 201907020224, 62)
insert into score(esid, stuNum, score)
values (9, 201907020225, 69)
insert into score(esid, stuNum, score)
values (10, 201907020225, 94)
insert into score(esid, stuNum, score)
values (9, 201907020226, 72)
insert into score(esid, stuNum, score)
values (10, 201907020226, 79)
insert into score(esid, stuNum, score)
values (9, 201907020227, 88)
insert into score(esid, stuNum, score)
values (10, 201907020227, 61)
insert into score(esid, stuNum, score)
values (9, 201907020228, 93)
insert into score(esid, stuNum, score)
values (10, 201907020228, 69)
insert into score(esid, stuNum, score)
values (9, 201907020229, 65)
insert into score(esid, stuNum, score)
values (10, 201907020229, 74)
insert into score(esid, stuNum, score)
values (9, 201907020230, 79)
insert into score(esid, stuNum, score)
values (10, 201907020230, 92)
insert into score(esid, stuNum, score)
values (9, 201907020231, 98)
insert into score(esid, stuNum, score)
values (10, 201907020231, 60)
insert into score(esid, stuNum, score)
values (9, 201907020232, 63)
insert into score(esid, stuNum, score)
values (10, 201907020232, 61)
insert into score(esid, stuNum, score)
values (11, 201907030101, 11)
insert into score(esid, stuNum, score)
values (12, 201907030101, 73)
insert into score(esid, stuNum, score)
values (11, 201907030102, 74)
insert into score(esid, stuNum, score)
values (12, 201907030102, 60)
insert into score(esid, stuNum, score)
values (11, 201907030103, 65)
insert into score(esid, stuNum, score)
values (12, 201907030103, 91)
insert into score(esid, stuNum, score)
values (11, 201907030104, 96)
insert into score(esid, stuNum, score)
values (12, 201907030104, 67)
insert into score(esid, stuNum, score)
values (11, 201907030105, 84)
insert into score(esid, stuNum, score)
values (12, 201907030105, 68)
insert into score(esid, stuNum, score)
values (11, 201907030106, 63)
insert into score(esid, stuNum, score)
values (12, 201907030106, 62)
insert into score(esid, stuNum, score)
values (11, 201907030107, 45)
insert into score(esid, stuNum, score)
values (12, 201907030107, 62)
insert into score(esid, stuNum, score)
values (11, 201907030108, 61)
insert into score(esid, stuNum, score)
values (12, 201907030108, 62)
insert into score(esid, stuNum, score)
values (11, 201907030109, 71)
insert into score(esid, stuNum, score)
values (12, 201907030109, 84)
insert into score(esid, stuNum, score)
values (11, 201907030110, 31)
insert into score(esid, stuNum, score)
values (12, 201907030110, 24)
insert into score(esid, stuNum, score)
values (11, 201907030111, 81)
insert into score(esid, stuNum, score)
values (12, 201907030111, 83)
insert into score(esid, stuNum, score)
values (11, 201907030112, 78)
insert into score(esid, stuNum, score)
values (12, 201907030112, 100)
insert into score(esid, stuNum, score)
values (11, 201907030113, 71)
insert into score(esid, stuNum, score)
values (12, 201907030113, 70)
insert into score(esid, stuNum, score)
values (11, 201907030114, 66)
insert into score(esid, stuNum, score)
values (12, 201907030114, 79)
insert into score(esid, stuNum, score)
values (11, 201907030115, 73)
insert into score(esid, stuNum, score)
values (12, 201907030115, 66)
insert into score(esid, stuNum, score)
values (11, 201907030116, 92)
insert into score(esid, stuNum, score)
values (12, 201907030116, 86)
insert into score(esid, stuNum, score)
values (11, 201907030117, 75)
insert into score(esid, stuNum, score)
values (12, 201907030117, 100)
insert into score(esid, stuNum, score)
values (11, 201907030118, 79)
insert into score(esid, stuNum, score)
values (12, 201907030118, 79)
insert into score(esid, stuNum, score)
values (11, 201907030119, 79)
insert into score(esid, stuNum, score)
values (12, 201907030119, 81)
insert into score(esid, stuNum, score)
values (11, 201907030120, 76)
insert into score(esid, stuNum, score)
values (12, 201907030120, 74)
insert into score(esid, stuNum, score)
values (11, 201907030121, 85)
insert into score(esid, stuNum, score)
values (12, 201907030121, 19)
insert into score(esid, stuNum, score)
values (11, 201907030122, 95)
insert into score(esid, stuNum, score)
values (12, 201907030122, 92)
insert into score(esid, stuNum, score)
values (11, 201907030123, 85)
insert into score(esid, stuNum, score)
values (12, 201907030123, 68)
insert into score(esid, stuNum, score)
values (11, 201907030124, 63)
insert into score(esid, stuNum, score)
values (12, 201907030124, 71)
insert into score(esid, stuNum, score)
values (11, 201907030125, 79)
insert into score(esid, stuNum, score)
values (12, 201907030125, 72)
insert into score(esid, stuNum, score)
values (11, 201907030126, 85)
insert into score(esid, stuNum, score)
values (12, 201907030126, 96)
insert into score(esid, stuNum, score)
values (11, 201907030127, 67)
insert into score(esid, stuNum, score)
values (12, 201907030127, 90)
insert into score(esid, stuNum, score)
values (11, 201907030128, 32)
insert into score(esid, stuNum, score)
values (12, 201907030128, 32)
insert into score(esid, stuNum, score)
values (11, 201907030129, 76)
insert into score(esid, stuNum, score)
values (12, 201907030129, 67)
insert into score(esid, stuNum, score)
values (11, 201907030130, 87)
insert into score(esid, stuNum, score)
values (12, 201907030130, 91)
insert into score(esid, stuNum, score)
values (11, 201907030131, 72)
insert into score(esid, stuNum, score)
values (12, 201907030131, 17)
insert into score(esid, stuNum, score)
values (11, 201907030132, 94)
insert into score(esid, stuNum, score)
values (12, 201907030132, 87)
insert into score(esid, stuNum, score)
values (11, 201907030201, 68)
insert into score(esid, stuNum, score)
values (12, 201907030201, 60)
insert into score(esid, stuNum, score)
values (11, 201907030202, 79)
insert into score(esid, stuNum, score)
values (12, 201907030202, 89)
insert into score(esid, stuNum, score)
values (11, 201907030203, 67)
insert into score(esid, stuNum, score)
values (12, 201907030203, 40)
insert into score(esid, stuNum, score)
values (11, 201907030204, 91)
insert into score(esid, stuNum, score)
values (12, 201907030204, 89)
insert into score(esid, stuNum, score)
values (11, 201907030205, 67)
insert into score(esid, stuNum, score)
values (12, 201907030205, 71)
insert into score(esid, stuNum, score)
values (11, 201907030206, 83)
insert into score(esid, stuNum, score)
values (12, 201907030206, 87)
insert into score(esid, stuNum, score)
values (11, 201907030207, 74)
insert into score(esid, stuNum, score)
values (12, 201907030207, 74)
insert into score(esid, stuNum, score)
values (11, 201907030208, 71)
insert into score(esid, stuNum, score)
values (12, 201907030208, 60)
insert into score(esid, stuNum, score)
values (11, 201907030209, 86)
insert into score(esid, stuNum, score)
values (12, 201907030209, 66)
insert into score(esid, stuNum, score)
values (11, 201907030210, 61)
insert into score(esid, stuNum, score)
values (12, 201907030210, 97)
insert into score(esid, stuNum, score)
values (11, 201907030211, 84)
insert into score(esid, stuNum, score)
values (12, 201907030211, 83)
insert into score(esid, stuNum, score)
values (11, 201907030212, 77)
insert into score(esid, stuNum, score)
values (12, 201907030212, 70)
insert into score(esid, stuNum, score)
values (11, 201907030213, 63)
insert into score(esid, stuNum, score)
values (12, 201907030213, 76)
insert into score(esid, stuNum, score)
values (11, 201907030214, 93)
insert into score(esid, stuNum, score)
values (12, 201907030214, 85)
insert into score(esid, stuNum, score)
values (11, 201907030215, 88)
insert into score(esid, stuNum, score)
values (12, 201907030215, 67)
insert into score(esid, stuNum, score)
values (11, 201907030216, 67)
insert into score(esid, stuNum, score)
values (12, 201907030216, 63)
insert into score(esid, stuNum, score)
values (11, 201907030217, 78)
insert into score(esid, stuNum, score)
values (12, 201907030217, 75)
insert into score(esid, stuNum, score)
values (11, 201907030218, 61)
insert into score(esid, stuNum, score)
values (12, 201907030218, 90)
insert into score(esid, stuNum, score)
values (11, 201907030219, 94)
insert into score(esid, stuNum, score)
values (12, 201907030219, 81)
insert into score(esid, stuNum, score)
values (11, 201907030220, 91)
insert into score(esid, stuNum, score)
values (12, 201907030220, 80)
insert into score(esid, stuNum, score)
values (11, 201907030221, 93)
insert into score(esid, stuNum, score)
values (12, 201907030221, 71)
insert into score(esid, stuNum, score)
values (11, 201907030222, 65)
insert into score(esid, stuNum, score)
values (12, 201907030222, 64)
insert into score(esid, stuNum, score)
values (11, 201907030223, 34)
insert into score(esid, stuNum, score)
values (12, 201907030223, 100)
insert into score(esid, stuNum, score)
values (11, 201907030224, 63)
insert into score(esid, stuNum, score)
values (12, 201907030224, 21)
insert into score(esid, stuNum, score)
values (11, 201907030225, 71)
insert into score(esid, stuNum, score)
values (12, 201907030225, 35)
insert into score(esid, stuNum, score)
values (11, 201907030226, 65)
insert into score(esid, stuNum, score)
values (12, 201907030226, 15)
insert into score(esid, stuNum, score)
values (11, 201907030227, 32)
insert into score(esid, stuNum, score)
values (12, 201907030227, 69)
insert into score(esid, stuNum, score)
values (11, 201907030228, 73)
insert into score(esid, stuNum, score)
values (12, 201907030228, 81)
insert into score(esid, stuNum, score)
values (11, 201907030229, 86)
insert into score(esid, stuNum, score)
values (12, 201907030229, 70)
insert into score(esid, stuNum, score)
values (11, 201907030230, 64);
insert into score(esid, stuNum, score)
values (12, 201907030230, 73)
insert into score(esid, stuNum, score)
values (11, 201907030231, 0)
insert into score(esid, stuNum, score)
values (12, 201907030231, 88)
insert into score(esid, stuNum, score)
values (11, 201907030232, 98)
insert into score(esid, stuNum, score)
values (12, 201907030232, 80)

select tea.teatypeid
from teacher tea
update teacher
set teatypeid = 1
where teatypeid = '教师'
update teacher
set teatypeid = 2
where teatypeid = '导员'
update coursearrangement
set semester = 1