use testschoolmanager
go
--
insert into lesson(lesname,context, score, hours) values ('Java','Java',4,56)
insert into lesson(lesname,context, score, hours) values ('python','python',3,48)
insert into lesson(lesname,context, score, hours) values ('C','C',3,48)
insert into lesson(lesname,context, score, hours) values ('C++','C++',4,56)
insert into lesson(lesname,context, score, hours) values ('高数','高等数学',3,45)
insert into lesson(lesname,context, score, hours) values ('英语','英语',1,48)

insert into teacher (teanum, teaName, teatitle, teatypeid, teabtd, pwd, static)
values ('19840201', '王林莹', '助教', '导员', '1984-1-8', 1, 1)
insert into teacher (teanum, teaName, teatitle, teatypeid, teabtd, pwd, static)
values ('19870501', '金玲莹', '讲师', '教师', '1987-5-28', 1, 1)
insert into teacher (teanum, teaName, teatitle, teatypeid, teabtd, pwd, static)
values ('19950001', '金秀', '讲师', '教师', '1995-7-5', 1, 1)
insert into teacher (teanum, teaName, teatitle, teatypeid, teabtd, pwd, static)
values ('19830501', '金龙围', '助教', '教师', '1983-12-6', 1, 1)
insert into teacher (teanum, teaName, teatitle, teatypeid, teabtd, pwd, static)
values ('19810101', '金明辉', '讲师', '教师', '1981-7-5', 1, 1)
insert into teacher (teanum, teaName, teatitle, teatypeid, teabtd, pwd, static)
values ('19820501', '张龙辉', '讲师', '领导', '1982-8-4', 1, 1)
insert into teacher (teanum, teaName, teatitle, teatypeid, teabtd, pwd, static)
values ('19820202', '王军围', '教授', '教师', '1982-10-6', 1, 1)
insert into teacher (teanum, teaName, teatitle, teatypeid, teabtd, pwd, static)
values ('19910401', '李玲辉', '助教', '教师', '1991-12-19', 1, 1)
insert into teacher (teanum, teaName, teatitle, teatypeid, teabtd, pwd, static)
values ('19860501', '王慧芳', '副教授', '教师', '1986-1-19', 1, 1)
insert into teacher (teanum, teaName, teatitle, teatypeid, teabtd, pwd, static)
values ('19890301', '钱玲芳', '助教', '教师', '1989-10-6', 1, 1)
insert into teacher (teanum, teaName, teatitle, teatypeid, teabtd, pwd, static)
values ('19920001', '魏秀芳', '副教授', '教师', '1992-1-9', 1, 1)
insert into teacher (teanum, teaName, teatitle, teatypeid, teabtd, pwd, static)
values ('19890002', '钱兴玲', '副教授', '教师', '1989-8-29', 1, 1)
insert into teacher (teanum, teaName, teatitle, teatypeid, teabtd, pwd, static)
values ('19900001', '金秀刚', '助教', '教师', '1990-12-14', 1, 1)
insert into teacher (teanum, teaName, teatitle, teatypeid, teabtd, pwd, static)
values ('19880001', '魏永立', '讲师', '教师', '1988-12-9', 1, 1)
insert into teacher (teanum, teaName, teatitle, teatypeid, teabtd, pwd, static)
values ('19830302', '赵明立', '副教授', '教师', '1983-6-8', 1, 1)
insert into teacher (teanum, teaName, teatitle, teatypeid, teabtd, pwd, static)
values ('19890403', '金玉围', '讲师', '教师', '1989-9-20', 1, 1)
insert into teacher (teanum, teaName, teatitle, teatypeid, teabtd, pwd, static)
values ('19930401', '钱玲', '讲师', '教师', '1993-11-9', 1, 1)
insert into teacher (teanum, teaName, teatitle, teatypeid, teabtd, pwd, static)
values ('19800201', '金明强', '讲师', '领导', '1980-6-2', 1, 1)
insert into teacher (teanum, teaName, teatitle, teatypeid, teabtd, pwd, static)
values ('19820103', '钱秀辉', '讲师', '教师', '1982-4-16', 1, 1)
insert into teacher (teanum, teaName, teatitle, teatypeid, teabtd, pwd, static)
values ('19810202', '王继辉', '副教授', '教师', '1981-12-18', 1, 1)
insert into teacher (teanum, teaName, teatitle, teatypeid, teabtd, pwd, static)
values ('19800402', '李玲芳', '教授', '教师', '1980-9-29', 1, 1)
insert into teacher (teanum, teaName, teatitle, teatypeid, teabtd, pwd, static)
values ('19860102', '王永', '教授', '教师', '1986-5-17', 1, 1)
insert into teacher (teanum, teaName, teatitle, teatypeid, teabtd, pwd, static)
values ('19880402', '钱玲立', '副教授', '教师', '1988-11-29', 1, 1)
insert into teacher (teanum, teaName, teatitle, teatypeid, teabtd, pwd, static)
values ('19840302', '魏玉刚', '讲师', '教师', '1984-3-5', 1, 1)
insert into teacher (teanum, teaName, teatitle, teatypeid, teabtd, pwd, static)
values ('19830503', '张军立', '讲师', '教师', '1983-12-6', 1, 1)
insert into teacher (teanum, teaName, teatitle, teatypeid, teabtd, pwd, static)
values ('19880303', '张玲立', '副教授', '教师', '1988-9-7', 1, 1)
insert into teacher (teanum, teaName, teatitle, teatypeid, teabtd, pwd, static)
values ('19880204', '金明围', '讲师', '教师', '1988-11-15', 1, 1)
insert into teacher (teanum, teaName, teatitle, teatypeid, teabtd, pwd, static)
values ('19830504', '魏玉', '副教授', '教师', '1983-12-9', 1, 1)
insert into teacher (teanum, teaName, teatitle, teatypeid, teabtd, pwd, static)
values ('19940201', '金军', '助教', '教师', '1994-11-6', 1, 1)
insert into teacher (teanum, teaName, teatitle, teatypeid, teabtd, pwd, static)
values ('19870002', '叶永辉', '助教', '导员', '1987-11-7', 1, 1)
insert into teacher (teanum, teaName, teatitle, teatypeid, teabtd, pwd, static)
values ('19950202', '魏明国', '副教授', '教师', '1995-9-29', 1, 1)
insert into teacher (teanum, teaName, teatitle, teatypeid, teabtd, pwd, static)
values ('19880105', '赵继立', '讲师', '教师', '1988-1-25', 1, 1)
insert into teacher (teanum, teaName, teatitle, teatypeid, teabtd, pwd, static)
values ('19930202', '金龙刚', '助教', '导员', '1993-1-10', 1, 1)
insert into teacher (teanum, teaName, teatitle, teatypeid, teabtd, pwd, static)
values ('19900402', '魏继围', '助教', '教师', '1990-9-8', 1, 1)
insert into teacher (teanum, teaName, teatitle, teatypeid, teabtd, pwd, static)
values ('19840503', '张永', '副教授', '教师', '1984-7-22', 1, 1)
insert into teacher (teanum, teaName, teatitle, teatypeid, teabtd, pwd, static)
values ('19880406', '魏永强', '教授', '教师', '1988-1-17', 1, 1)
insert into teacher (teanum, teaName, teatitle, teatypeid, teabtd, pwd, static)
values ('19870103', '钱慧玲', '教授', '教师', '1987-7-19', 1, 1)
insert into teacher (teanum, teaName, teatitle, teatypeid, teabtd, pwd, static)
values ('19880407', '王永国', '副教授', '教师', '1988-2-14', 1, 1)
insert into teacher (teanum, teaName, teatitle, teatypeid, teabtd, pwd, static)
values ('19810303', '金兴强', '助教', '教师', '1981-2-23', 1, 1)
insert into teacher (teanum, teaName, teatitle, teatypeid, teabtd, pwd, static)
values ('19910102', '金兴围', '助教', '教师', '1991-7-12', 1, 1)
insert into teacher (teanum, teaName, teatitle, teatypeid, teabtd, pwd, static)
values ('19860003', '李玲莹', '副教授', '教师', '1986-12-2', 1, 1)
insert into teacher (teanum, teaName, teatitle, teatypeid, teabtd, pwd, static)
values ('19870404', '魏玲', '教授', '教师', '1987-2-11', 1, 1)
insert into teacher (teanum, teaName, teatitle, teatypeid, teabtd, pwd, static)
values ('19860204', '金秀辉', '教授', '教师', '1986-4-27', 1, 1)
insert into teacher (teanum, teaName, teatitle, teatypeid, teabtd, pwd, static)
values ('19860205', '赵林', '讲师', '教师', '1986-2-9', 1, 1)
insert into teacher (teanum, teaName, teatitle, teatypeid, teabtd, pwd, static)
values ('19800003', '叶龙国', '副教授', '领导', '1980-7-7', 1, 1)
insert into teacher (teanum, teaName, teatitle, teatypeid, teabtd, pwd, static)
values ('19880008', '金林强', '副教授', '教师', '1988-12-13', 1, 1)
insert into teacher (teanum, teaName, teatitle, teatypeid, teabtd, pwd, static)
values ('19830005', '张继围', '教授', '教师', '1983-3-22', 1, 1)
insert into teacher (teanum, teaName, teatitle, teatypeid, teabtd, pwd, static)
values ('19820204', '王继立', '教授', '教师', '1982-7-4', 1, 1)
insert into teacher (teanum, teaName, teatitle, teatypeid, teabtd, pwd, static)
values ('19840304', '叶继玲', '副教授', '领导', '1984-9-18', 1, 1)
insert into teacher (teanum, teaName, teatitle, teatypeid, teabtd, pwd, static)
values ('19830306', '张林围', '副教授', '教师', '1983-5-27', 1, 1)
insert into teacher (teanum, teaName, teatitle, teatypeid, teabtd, pwd, static)
values ('19890504', '金林', '助教', '教师', '1989-2-8', 1, 1)
insert into teacher (teanum, teaName, teatitle, teatypeid, teabtd, pwd, static)
values ('19820305', '叶明强', '教授', '教师', '1982-10-14', 1, 1)
insert into teacher (teanum, teaName, teatitle, teatypeid, teabtd, pwd, static)
values ('19840105', '王秀莹', '助教', '导员', '1984-10-19', 1, 1)
insert into teacher (teanum, teaName, teatitle, teatypeid, teabtd, pwd, static)
values ('19870305', '钱永围', '副教授', '教师', '1987-9-6', 1, 1)
insert into teacher (teanum, teaName, teatitle, teatypeid, teabtd, pwd, static)
values ('19900203', '魏慧刚', '讲师', '教师', '1990-12-17', 1, 1)
insert into teacher (teanum, teaName, teatitle, teatypeid, teabtd, pwd, static)
values ('19940102', '赵明莹', '助教', '导员', '1994-8-6', 1, 1)
insert into teacher (teanum, teaName, teatitle, teatypeid, teabtd, pwd, static)
values ('19800304', '李兴辉', '教授', '教师', '1980-11-26', 1, 1)
insert into teacher (teanum, teaName, teatitle, teatypeid, teabtd, pwd, static)
values ('19950403', '魏军辉', '讲师', '教师', '1995-10-19', 1, 1)
insert into teacher (teanum, teaName, teatitle, teatypeid, teabtd, pwd, static)
values ('19950504', '赵永辉', '助教', '教师', '1995-6-9', 1, 1)
insert into teacher (teanum, teaName, teatitle, teatypeid, teabtd, pwd, static)
values ('19860006', '魏芳辉', '助教', '导员', '1986-12-2', 1, 1)
insert into teacher (teanum, teaName, teatitle, teatypeid, teabtd, pwd, static)
values ('19800405', '金慧', '副教授', '教师', '1980-6-12', 1, 1)
insert into teacher (teanum, teaName, teatitle, teatypeid, teabtd, pwd, static)
values ('19890005', '钱芳国', '教授', '领导', '1989-3-12', 1, 1)
insert into teacher (teanum, teaName, teatitle, teatypeid, teabtd, pwd, static)
values ('19910403', '赵继刚', '教授', '教师', '1991-3-23', 1, 1)
insert into teacher (teanum, teaName, teatitle, teatypeid, teabtd, pwd, static)
values ('19910504', '李林刚', '讲师', '教师', '1991-2-15', 1, 1)
insert into teacher (teanum, teaName, teatitle, teatypeid, teabtd, pwd, static)
values ('19880409', '钱龙辉', '教授', '教师', '1988-12-15', 1, 1)
insert into teacher (teanum, teaName, teatitle, teatypeid, teabtd, pwd, static)
values ('19820006', '王龙立', '助教', '教师', '1982-2-14', 1, 1)
insert into teacher (teanum, teaName, teatitle, teatypeid, teabtd, pwd, static)
values ('19830107', '赵继玲', '助教', '教师', '1983-6-4', 1, 1)
insert into teacher (teanum, teaName, teatitle, teatypeid, teabtd, pwd, static)
values ('19910505', '赵林辉', '助教', '教师', '1991-8-1', 1, 1)
insert into teacher (teanum, teaName, teatitle, teatypeid, teabtd, pwd, static)
values ('19930103', '金永围', '讲师', '教师', '1993-12-11', 1, 1)
insert into teacher (teanum, teaName, teatitle, teatypeid, teabtd, pwd, static)
values ('19900204', '王林立', '教授', '教师', '1990-4-12', 1, 1)
insert into teacher (teanum, teaName, teatitle, teatypeid, teabtd, pwd, static)
values ('19940003', '魏永围', '教授', '教师', '1994-4-30', 1, 1)
insert into teacher (teanum, teaName, teatitle, teatypeid, teabtd, pwd, static)
values ('19810104', '张芳', '副教授', '教师', '1981-9-19', 1, 1)
insert into teacher (teanum, teaName, teatitle, teatypeid, teabtd, pwd, static)
values ('19830508', '赵秀强', '副教授', '教师', '1983-4-19', 1, 1)
insert into teacher (teanum, teaName, teatitle, teatypeid, teabtd, pwd, static)
values ('19850201', '王永辉', '教授', '教师', '1985-8-5', 1, 1)
insert into teacher (teanum, teaName, teatitle, teatypeid, teabtd, pwd, static)
values ('19870506', '魏军', '助教', '教师', '1987-2-7', 1, 1)
insert into teacher (teanum, teaName, teatitle, teatypeid, teabtd, pwd, static)
values ('19800506', '金继玲', '副教授', '教师', '1980-4-22', 1, 1)
insert into teacher (teanum, teaName, teatitle, teatypeid, teabtd, pwd, static)
values ('19830509', '张林辉', '助教', '导员', '1983-9-27', 1, 1)
insert into teacher (teanum, teaName, teatitle, teatypeid, teabtd, pwd, static)
values ('19840506', '王玲辉', '助教', '教师', '1984-11-22', 1, 1)
insert into teacher (teanum, teaName, teatitle, teatypeid, teabtd, pwd, static)
values ('19850002', '叶芳立', '讲师', '教师', '1985-4-26', 1, 1)
insert into teacher (teanum, teaName, teatitle, teatypeid, teabtd, pwd, static)
values ('19800207', '王芳强', '教授', '领导', '1980-4-7', 1, 1)
insert into teacher (teanum, teaName, teatitle, teatypeid, teabtd, pwd, static)
values ('19840207', '魏兴', '副教授', '教师', '1984-10-12', 1, 1)
insert into teacher (teanum, teaName, teatitle, teatypeid, teabtd, pwd, static)
values ('19920002', '钱军刚', '讲师', '教师', '1992-2-3', 1, 1)
insert into teacher (teanum, teaName, teatitle, teatypeid, teabtd, pwd, static)
values ('19940504', '赵慧强', '助教', '教师', '1994-1-10', 1, 1)
insert into teacher (teanum, teaName, teatitle, teatypeid, teabtd, pwd, static)
values ('19930204', '王兴强', '助教', '教师', '1993-10-10', 1, 1)
insert into teacher (teanum, teaName, teatitle, teatypeid, teabtd, pwd, static)
values ('19890206', '金继围', '讲师', '教师', '1989-11-24', 1, 1)
insert into teacher (teanum, teaName, teatitle, teatypeid, teabtd, pwd, static)
values ('19930405', '金芳莹', '助教', '导员', '1993-1-29', 1, 1)
insert into teacher (teanum, teaName, teatitle, teatypeid, teabtd, pwd, static)
values ('19820307', '王玉立', '副教授', '教师', '1982-5-10', 1, 1)
insert into teacher (teanum, teaName, teatitle, teatypeid, teabtd, pwd, static)
values ('19860207', '叶芳', '助教', '教师', '1986-1-9', 1, 1)
insert into teacher (teanum, teaName, teatitle, teatypeid, teabtd, pwd, static)
values ('19880010', '叶兴强', '教授', '教师', '1988-7-1', 1, 1)
insert into teacher (teanum, teaName, teatitle, teatypeid, teabtd, pwd, static)
values ('19840208', '赵玉莹', '讲师', '教师', '1984-12-30', 1, 1)
insert into teacher (teanum, teaName, teatitle, teatypeid, teabtd, pwd, static)
values ('19920103', '魏林国', '助教', '导员', '1992-3-12', 1, 1)
insert into teacher (teanum, teaName, teatitle, teatypeid, teabtd, pwd, static)
values ('19840209', '王继围', '助教', '导员', '1984-11-28', 1, 1)
insert into teacher (teanum, teaName, teatitle, teatypeid, teabtd, pwd, static)
values ('19900105', '赵芳', '教授', '领导', '1990-5-26', 1, 1)
insert into teacher (teanum, teaName, teatitle, teatypeid, teabtd, pwd, static)
values ('19860408', '赵玲强', '教授', '教师', '1986-7-21', 1, 1)
insert into teacher (teanum, teaName, teatitle, teatypeid, teabtd, pwd, static)
values ('19910006', '李兴强', '助教', '教师', '1991-1-13', 1, 1)
insert into teacher (teanum, teaName, teatitle, teatypeid, teabtd, pwd, static)
values ('19870507', '金芳立', '讲师', '教师', '1987-5-29', 1, 1)
insert into teacher (teanum, teaName, teatitle, teatypeid, teabtd, pwd, static)
values ('19860209', '钱慧辉', '助教', '导员', '1986-3-20', 1, 1)
insert into teacher (teanum, teaName, teatitle, teatypeid, teabtd, pwd, static)
values ('19940205', '金林芳', '副教授', '教师', '1994-12-19', 1, 1)
insert into teacher (teanum, teaName, teatitle, teatypeid, teabtd, pwd, static)
values ('19910407', '李玲刚', '助教', '教师', '1991-5-21', 1, 1)

insert into classinfo (clsName, grade, teaNum)
values ('计类1班', '2020', '19860209')
insert into classinfo (clsName, grade, teaNum)
values ('通信1班', '2020', '19860006')
insert into classinfo (clsName, grade, teaNum)
values ('数科1班', '2020', '19930405')
insert into classinfo (clsName, grade, teaNum)
values ('通信2班', '2020', '19930202')
insert into classinfo (clsName, grade, teaNum)
values ('通信3班', '2020', '19870002')
insert into classinfo (clsName, grade, teaNum)
values ('数科2班', '2020', '19840105')
insert into classinfo (clsName, grade, teaNum)
values ('通信4班', '2020', '19840201')
insert into classinfo (clsName, grade, teaNum)
values ('通信5班', '2020', '19940102')
insert into classinfo (clsName, grade, teaNum)
values ('通信6班', '2020', '19840209')
insert into classinfo (clsName, grade, teaNum)
values ('计类2班', '2020', '19830509')
insert into classinfo (clsName, grade, teaNum)
values ('数科3班', '2020', '19920103')

insert into student (stunum, clsid, stuname, stubtd, pwd, static, sex)
values (202007010101, 38, '霍凯杰', '2001-9-21', 1, 1, 1)
insert into student (stunum, clsid, stuname, stubtd, pwd, static, sex)
values (202007020101, 39, '乐礼佳', '2002-6-20', 1, 1, 0)
insert into student (stunum, clsid, stuname, stubtd, pwd, static, sex)
values (202007030101, 40, '宣雁', '2002-8-21', 1, 1, 0)
insert into student (stunum, clsid, stuname, stubtd, pwd, static, sex)
values (202007020201, 41, '范聪', '2002-10-25', 1, 1, 0)
insert into student (stunum, clsid, stuname, stubtd, pwd, static, sex)
values (202007020301, 42, '俞先', '2002-2-12', 1, 1, 1)
insert into student (stunum, clsid, stuname, stubtd, pwd, static, sex)
values (202007030201, 43, '司寇慧', '2002-1-5', 1, 1, 0)
insert into student (stunum, clsid, stuname, stubtd, pwd, static, sex)
values (202007020401, 44, '江凯慧', '2000-4-6', 1, 1, 0)
insert into student (stunum, clsid, stuname, stubtd, pwd, static, sex)
values (202007020501, 45, '羊上军', '2002-3-9', 1, 1, 1)
insert into student (stunum, clsid, stuname, stubtd, pwd, static, sex)
values (202007020601, 46, '芮宜', '2001-7-5', 1, 1, 0)
insert into student (stunum, clsid, stuname, stubtd, pwd, static, sex)
values (202007030301, 48, '颜马真', '2002-12-7', 1, 1, 0)
insert into student (stunum, clsid, stuname, stubtd, pwd, static, sex)
values (202007010102, 38, '甄秋', '2001-9-3', 1, 1, 0)
insert into student (stunum, clsid, stuname, stubtd, pwd, static, sex)
values (202007020102, 39, '葛承', '2002-12-25', 1, 1, 1)
insert into student (stunum, clsid, stuname, stubtd, pwd, static, sex)
values (202007030102, 40, '柯九倩', '2001-10-13', 1, 1, 0)
insert into student (stunum, clsid, stuname, stubtd, pwd, static, sex)
values (202007020202, 41, '跋夹易德', '2002-11-29', 1, 1, 1)
insert into student (stunum, clsid, stuname, stubtd, pwd, static, sex)
values (202007020302, 42, '林蓉', '2001-12-4', 1, 1, 0)
insert into student (stunum, clsid, stuname, stubtd, pwd, static, sex)
values (202007030202, 43, '姚英', '2002-3-20', 1, 1, 0)
insert into student (stunum, clsid, stuname, stubtd, pwd, static, sex)
values (202007020402, 44, '茹卿', '2002-12-17', 1, 1, 0)
insert into student (stunum, clsid, stuname, stubtd, pwd, static, sex)
values (202007020502, 45, '尹被珍', '2001-9-26', 1, 1, 0)
insert into student (stunum, clsid, stuname, stubtd, pwd, static, sex)
values (202007020602, 46, '谷宰卡薇', '2002-8-20', 1, 1, 0)
insert into student (stunum, clsid, stuname, stubtd, pwd, static, sex)
values (202007030302, 48, '沃易月', '2001-1-18', 1, 1, 0)
insert into student (stunum, clsid, stuname, stubtd, pwd, static, sex)
values (202007010103, 38, '柳玉瑶', '2002-8-21', 1, 1, 0)
insert into student (stunum, clsid, stuname, stubtd, pwd, static, sex)
values (202007020103, 39, '云燕', '2002-3-22', 1, 1, 0)
insert into student (stunum, clsid, stuname, stubtd, pwd, static, sex)
values (202007030103, 40, '左玉', '2001-2-13', 1, 1, 0)
insert into student (stunum, clsid, stuname, stubtd, pwd, static, sex)
values (202007020203, 41, '郁卡裕', '2001-5-9', 1, 1, 1)
insert into student (stunum, clsid, stuname, stubtd, pwd, static, sex)
values (202007020303, 42, '陈松', '2002-2-16', 1, 1, 1)
insert into student (stunum, clsid, stuname, stubtd, pwd, static, sex)
values (202007030203, 43, '花上永', '2002-5-27', 1, 1, 1)
insert into student (stunum, clsid, stuname, stubtd, pwd, static, sex)
values (202007020403, 44, '单于贝伊', '2002-2-21', 1, 1, 0)
insert into student (stunum, clsid, stuname, stubtd, pwd, static, sex)
values (202007020503, 45, '禹士', '1999-6-14', 1, 1, 1)
insert into student (stunum, clsid, stuname, stubtd, pwd, static, sex)
values (202007020603, 46, '雷鹏', '2001-10-29', 1, 1, 1)
insert into student (stunum, clsid, stuname, stubtd, pwd, static, sex)
values (202007030303, 48, '温好婉', '2002-5-8', 1, 1, 0)
insert into student (stunum, clsid, stuname, stubtd, pwd, static, sex)
values (202007010104, 38, '乌菲', '2002-5-25', 1, 1, 0)
insert into student (stunum, clsid, stuname, stubtd, pwd, static, sex)
values (202007020104, 39, '史春', '2002-11-2', 1, 1, 0)
insert into student (stunum, clsid, stuname, stubtd, pwd, static, sex)
values (202007030104, 40, '凤叶', '2002-10-2', 1, 1, 0)
insert into student (stunum, clsid, stuname, stubtd, pwd, static, sex)
values (202007020204, 41, '邵策', '2002-7-1', 1, 1, 1)
insert into student (stunum, clsid, stuname, stubtd, pwd, static, sex)
values (202007020304, 42, '方伊', '2000-8-11', 1, 1, 0)
insert into student (stunum, clsid, stuname, stubtd, pwd, static, sex)
values (202007030204, 43, '金希', '2001-5-9', 1, 1, 0)
insert into student (stunum, clsid, stuname, stubtd, pwd, static, sex)
values (202007020404, 44, '卫九策', '2001-4-17', 1, 1, 1)
insert into student (stunum, clsid, stuname, stubtd, pwd, static, sex)
values (202007020504, 45, '都爽', '2002-2-11', 1, 1, 0)
insert into student (stunum, clsid, stuname, stubtd, pwd, static, sex)
values (202007020604, 46, '弓凯凡', '2000-5-17', 1, 1, 0)
insert into student (stunum, clsid, stuname, stubtd, pwd, static, sex)
values (202007030304, 48, '井好清', '2002-7-24', 1, 1, 1)
insert into student (stunum, clsid, stuname, stubtd, pwd, static, sex)
values (202007010105, 38, '武义', '2002-2-4', 1, 1, 1)
insert into student (stunum, clsid, stuname, stubtd, pwd, static, sex)
values (202007020105, 39, '殴清', '2000-10-18', 1, 1, 1)
insert into student (stunum, clsid, stuname, stubtd, pwd, static, sex)
values (202007030105, 40, '侯诸都佳', '2002-8-2', 1, 1, 0)
insert into student (stunum, clsid, stuname, stubtd, pwd, static, sex)
values (202007020205, 41, '陶笑和', '2002-6-28', 1, 1, 1)
insert into student (stunum, clsid, stuname, stubtd, pwd, static, sex)
values (202007020305, 42, '殷金妍', '2002-4-13', 1, 1, 0)
insert into student (stunum, clsid, stuname, stubtd, pwd, static, sex)
values (202007030205, 43, '郁电眉', '2001-3-14', 1, 1, 0)
insert into student (stunum, clsid, stuname, stubtd, pwd, static, sex)
values (202007020405, 44, '成有', '2002-7-24', 1, 1, 1)
insert into student (stunum, clsid, stuname, stubtd, pwd, static, sex)
values (202007020505, 45, '洪彩', '2002-3-7', 1, 1, 0)
insert into student (stunum, clsid, stuname, stubtd, pwd, static, sex)
values (202007020605, 46, '严蓓', '2002-3-2', 1, 1, 0)
insert into student (stunum, clsid, stuname, stubtd, pwd, static, sex)
values (202007030305, 48, '韩瑞', '2001-9-15', 1, 1, 0)
insert into student (stunum, clsid, stuname, stubtd, pwd, static, sex)
values (202007010106, 38, '黄波', '2002-2-13', 1, 1, 1)
insert into student (stunum, clsid, stuname, stubtd, pwd, static, sex)
values (202007020106, 39, '滕伊', '2003-6-26', 1, 1, 0)
insert into student (stunum, clsid, stuname, stubtd, pwd, static, sex)
values (202007030106, 40, '孔智安', '2002-1-15', 1, 1, 1)
insert into student (stunum, clsid, stuname, stubtd, pwd, static, sex)
values (202007020206, 41, '衡玉娟', '2002-8-13', 1, 1, 0)
insert into student (stunum, clsid, stuname, stubtd, pwd, static, sex)
values (202007020306, 42, '刁谦', '2001-7-24', 1, 1, 1)
insert into student (stunum, clsid, stuname, stubtd, pwd, static, sex)
values (202007030206, 43, '梁段友荣', '2000-9-3', 1, 1, 0)
insert into student (stunum, clsid, stuname, stubtd, pwd, static, sex)
values (202007020406, 44, '邱叶', '2001-9-17', 1, 1, 0)
insert into student (stunum, clsid, stuname, stubtd, pwd, static, sex)
values (202007020506, 45, '殷智乐', '2002-12-7', 1, 1, 1)
insert into student (stunum, clsid, stuname, stubtd, pwd, static, sex)
values (202007020606, 46, '湛孝绍', '2002-12-26', 1, 1, 1)
insert into student (stunum, clsid, stuname, stubtd, pwd, static, sex)
values (202007030306, 48, '毕邦', '2002-5-17', 1, 1, 1)
insert into student (stunum, clsid, stuname, stubtd, pwd, static, sex)
values (202007010107, 38, '刘峰', '2002-5-7', 1, 1, 1)
insert into student (stunum, clsid, stuname, stubtd, pwd, static, sex)
values (202007020107, 39, '满马蕊', '2001-1-26', 1, 1, 0)
insert into student (stunum, clsid, stuname, stubtd, pwd, static, sex)
values (202007030107, 40, '景电航', '2000-3-6', 1, 1, 1)
insert into student (stunum, clsid, stuname, stubtd, pwd, static, sex)
values (202007020207, 41, '耿九行', '2001-1-18', 1, 1, 1)
insert into student (stunum, clsid, stuname, stubtd, pwd, static, sex)
values (202007020307, 42, '东方嘉', '2002-8-9', 1, 1, 0)
insert into student (stunum, clsid, stuname, stubtd, pwd, static, sex)
values (202007030207, 43, '严瑗', '2002-10-8', 1, 1, 0)
insert into student (stunum, clsid, stuname, stubtd, pwd, static, sex)
values (202007020407, 44, '乔无旭', '2002-1-1', 1, 1, 1)
insert into student (stunum, clsid, stuname, stubtd, pwd, static, sex)
values (202007020507, 45, '西门维', '1999-1-18', 1, 1, 1)
insert into student (stunum, clsid, stuname, stubtd, pwd, static, sex)
values (202007020607, 46, '容金泰', '2002-4-22', 1, 1, 1)
insert into student (stunum, clsid, stuname, stubtd, pwd, static, sex)
values (202007030307, 48, '缪俊', '2002-1-21', 1, 1, 1)
insert into student (stunum, clsid, stuname, stubtd, pwd, static, sex)
values (202007010108, 38, '包凯蓉', '2002-11-13', 1, 1, 0)
insert into student (stunum, clsid, stuname, stubtd, pwd, static, sex)
values (202007020108, 39, '骆昌', '2003-11-18', 1, 1, 1)
insert into student (stunum, clsid, stuname, stubtd, pwd, static, sex)
values (202007030108, 40, '门南金凡', '2002-2-28', 1, 1, 0)
insert into student (stunum, clsid, stuname, stubtd, pwd, static, sex)
values (202007020208, 41, '傅春', '2002-3-25', 1, 1, 0)
insert into student (stunum, clsid, stuname, stubtd, pwd, static, sex)
values (202007020308, 42, '柳易璧', '2002-10-27', 1, 1, 0)
insert into student (stunum, clsid, stuname, stubtd, pwd, static, sex)
values (202007030208, 43, '林香', '2002-10-4', 1, 1, 0)
insert into student (stunum, clsid, stuname, stubtd, pwd, static, sex)
values (202007020408, 44, '凤凯宜', '2001-1-29', 1, 1, 0)
insert into student (stunum, clsid, stuname, stubtd, pwd, static, sex)
values (202007020508, 45, '高仁振', '1999-9-14', 1, 1, 1)
insert into student (stunum, clsid, stuname, stubtd, pwd, static, sex)
values (202007020608, 46, '孙中震', '2001-3-4', 1, 1, 1)
insert into student (stunum, clsid, stuname, stubtd, pwd, static, sex)
values (202007030308, 48, '殷笑梅', '2002-8-11', 1, 1, 0)
insert into student (stunum, clsid, stuname, stubtd, pwd, static, sex)
values (202007010109, 38, '满彬', '2002-1-26', 1, 1, 1)
insert into student (stunum, clsid, stuname, stubtd, pwd, static, sex)
values (202007020109, 39, '车澜', '2001-9-12', 1, 1, 0)
insert into student (stunum, clsid, stuname, stubtd, pwd, static, sex)
values (202007030109, 40, '贝莉', '2002-6-17', 1, 1, 0)
insert into student (stunum, clsid, stuname, stubtd, pwd, static, sex)
values (202007020209, 41, '孔元', '2001-2-21', 1, 1, 1)
insert into student (stunum, clsid, stuname, stubtd, pwd, static, sex)
values (202007020309, 42, '东易和', '2000-9-22', 1, 1, 1)
insert into student (stunum, clsid, stuname, stubtd, pwd, static, sex)
values (202007030209, 43, '关叶', '2002-12-1', 1, 1, 0)
insert into student (stunum, clsid, stuname, stubtd, pwd, static, sex)
values (202007020409, 44, '殴金庆', '2000-3-1', 1, 1, 1)
insert into student (stunum, clsid, stuname, stubtd, pwd, static, sex)
values (202007020509, 45, '弓器翔', '2003-5-19', 1, 1, 1)
insert into student (stunum, clsid, stuname, stubtd, pwd, static, sex)
values (202007020609, 46, '冀聪', '2002-4-13', 1, 1, 0)
insert into student (stunum, clsid, stuname, stubtd, pwd, static, sex)
values (202007030309, 48, '庄忠静', '2001-7-4', 1, 1, 0)
insert into student (stunum, clsid, stuname, stubtd, pwd, static, sex)
values (202007010110, 38, '昌文', '2002-6-1', 1, 1, 1)
insert into student (stunum, clsid, stuname, stubtd, pwd, static, sex)
values (202007020110, 39, '寿琼', '2002-11-26', 1, 1, 0)
insert into student (stunum, clsid, stuname, stubtd, pwd, static, sex)
values (202007030110, 40, '东郭器海', '2002-10-10', 1, 1, 1)
insert into student (stunum, clsid, stuname, stubtd, pwd, static, sex)
values (202007020210, 41, '薛平', '2002-4-23', 1, 1, 1)
insert into student (stunum, clsid, stuname, stubtd, pwd, static, sex)
values (202007020310, 42, '计贝哲', '2002-8-25', 1, 1, 1)
insert into student (stunum, clsid, stuname, stubtd, pwd, static, sex)
values (202007030210, 43, '苍卡克', '2002-1-17', 1, 1, 1)
insert into student (stunum, clsid, stuname, stubtd, pwd, static, sex)
values (202007020410, 44, '叶炎', '2001-10-12', 1, 1, 1)
insert into student (stunum, clsid, stuname, stubtd, pwd, static, sex)
values (202007020510, 45, '满好蓓', '2001-11-15', 1, 1, 0)
insert into student (stunum, clsid, stuname, stubtd, pwd, static, sex)
values (202007020610, 46, '双婵', '2002-4-1', 1, 1, 0)
insert into student (stunum, clsid, stuname, stubtd, pwd, static, sex)
values (202007030310, 48, '封星', '2002-7-10', 1, 1, 1)
insert into student (stunum, clsid, stuname, stubtd, pwd, static, sex)
values (202007010111, 38, '柳金萍', '2002-9-15', 1, 1, 0)
insert into student (stunum, clsid, stuname, stubtd, pwd, static, sex)
values (202007020111, 39, '尤庆', '2002-8-21', 1, 1, 1)
insert into student (stunum, clsid, stuname, stubtd, pwd, static, sex)
values (202007030111, 40, '岑无艺', '2002-10-24', 1, 1, 0)
insert into student (stunum, clsid, stuname, stubtd, pwd, static, sex)
values (202007020211, 41, '童有', '2002-1-12', 1, 1, 1)
insert into student (stunum, clsid, stuname, stubtd, pwd, static, sex)
values (202007020311, 42, '潘凝', '2000-7-10', 1, 1, 0)
insert into student (stunum, clsid, stuname, stubtd, pwd, static, sex)
values (202007030211, 43, '黄萍', '2002-3-23', 1, 1, 0)
insert into student (stunum, clsid, stuname, stubtd, pwd, static, sex)
values (202007020411, 44, '范电香', '2003-11-10', 1, 1, 0)
insert into student (stunum, clsid, stuname, stubtd, pwd, static, sex)
values (202007020511, 45, '孔友娟', '2002-7-29', 1, 1, 0)
insert into student (stunum, clsid, stuname, stubtd, pwd, static, sex)
values (202007020611, 46, '邴谦', '2002-11-29', 1, 1, 1)
insert into student (stunum, clsid, stuname, stubtd, pwd, static, sex)
values (202007030311, 48, '尤礼丹', '2002-4-6', 1, 1, 0)
insert into student (stunum, clsid, stuname, stubtd, pwd, static, sex)
values (202007010112, 38, '庄易友', '2002-4-19', 1, 1, 1)
insert into student (stunum, clsid, stuname, stubtd, pwd, static, sex)
values (202007020112, 39, '万策', '2002-12-2', 1, 1, 1)
insert into student (stunum, clsid, stuname, stubtd, pwd, static, sex)
values (202007030112, 40, '石笑卿', '2002-6-1', 1, 1, 0)
insert into student (stunum, clsid, stuname, stubtd, pwd, static, sex)
values (202007020212, 41, '苍都玲', '2002-9-12', 1, 1, 0)
insert into student (stunum, clsid, stuname, stubtd, pwd, static, sex)
values (202007020312, 42, '夹谷昌', '2002-5-29', 1, 1, 1)
insert into student (stunum, clsid, stuname, stubtd, pwd, static, sex)
values (202007030212, 43, '文贵', '2002-11-24', 1, 1, 1)
insert into student (stunum, clsid, stuname, stubtd, pwd, static, sex)
values (202007020412, 44, '甄被辰', '2002-7-13', 1, 1, 1)
insert into student (stunum, clsid, stuname, stubtd, pwd, static, sex)
values (202007020512, 45, '崔瑾', '2002-5-20', 1, 1, 0)
insert into student (stunum, clsid, stuname, stubtd, pwd, static, sex)
values (202007020612, 46, '缪国', '2002-10-9', 1, 1, 1)
insert into student (stunum, clsid, stuname, stubtd, pwd, static, sex)
values (202007030312, 48, '乐政', '2001-7-24', 1, 1, 1)
insert into student (stunum, clsid, stuname, stubtd, pwd, static, sex)
values (202007010113, 38, '游被芬', '2000-6-2', 1, 1, 0)
insert into student (stunum, clsid, stuname, stubtd, pwd, static, sex)
values (202007020113, 39, '裴友国', '2001-3-2', 1, 1, 1)
insert into student (stunum, clsid, stuname, stubtd, pwd, static, sex)
values (202007030113, 40, '汪贝羽', '2002-1-6', 1, 1, 0)
insert into student (stunum, clsid, stuname, stubtd, pwd, static, sex)
values (202007020213, 41, '殴金林', '2002-10-28', 1, 1, 1)
insert into student (stunum, clsid, stuname, stubtd, pwd, static, sex)
values (202007020313, 42, '董都伯', '2002-5-10', 1, 1, 1)
insert into student (stunum, clsid, stuname, stubtd, pwd, static, sex)
values (202007030213, 43, '褚霭', '2002-8-18', 1, 1, 0)
insert into student (stunum, clsid, stuname, stubtd, pwd, static, sex)
values (202007020413, 44, '翁君', '2002-3-12', 1, 1, 0)
insert into student (stunum, clsid, stuname, stubtd, pwd, static, sex)
values (202007020513, 45, '朱瑾', '2002-2-17', 1, 1, 0)
insert into student (stunum, clsid, stuname, stubtd, pwd, static, sex)
values (202007020613, 46, '国茗', '2002-3-11', 1, 1, 0)
insert into student (stunum, clsid, stuname, stubtd, pwd, static, sex)
values (202007030313, 48, '红彬', '2002-1-30', 1, 1, 1)
insert into student (stunum, clsid, stuname, stubtd, pwd, static, sex)
values (202007010114, 38, '辕令瑗', '2001-11-20', 1, 1, 0)
insert into student (stunum, clsid, stuname, stubtd, pwd, static, sex)
values (202007020114, 39, '刘琦', '2002-6-4', 1, 1, 0)
insert into student (stunum, clsid, stuname, stubtd, pwd, static, sex)
values (202007030114, 40, '江欢', '2002-2-17', 1, 1, 0)
insert into student (stunum, clsid, stuname, stubtd, pwd, static, sex)
values (202007020214, 41, '和信绍', '2002-10-4', 1, 1, 1)
insert into student (stunum, clsid, stuname, stubtd, pwd, static, sex)
values (202007020314, 42, '谷友凝', '2002-10-7', 1, 1, 0)
insert into student (stunum, clsid, stuname, stubtd, pwd, static, sex)
values (202007030214, 43, '常上宁', '2001-11-18', 1, 1, 1)
insert into student (stunum, clsid, stuname, stubtd, pwd, static, sex)
values (202007020414, 44, '陶上江', '2002-10-14', 1, 1, 1)
insert into student (stunum, clsid, stuname, stubtd, pwd, static, sex)
values (202007020514, 45, '茹荷', '2002-7-12', 1, 1, 0)
insert into student (stunum, clsid, stuname, stubtd, pwd, static, sex)
values (202007020614, 46, '国信', '2000-12-21', 1, 1, 1)
insert into student (stunum, clsid, stuname, stubtd, pwd, static, sex)
values (202007030314, 48, '包卡莺', '2002-6-11', 1, 1, 0)
insert into student (stunum, clsid, stuname, stubtd, pwd, static, sex)
values (202007010115, 38, '益华', '2002-2-12', 1, 1, 0)
insert into student (stunum, clsid, stuname, stubtd, pwd, static, sex)
values (202007020115, 39, '刁维', '2001-1-12', 1, 1, 1)
insert into student (stunum, clsid, stuname, stubtd, pwd, static, sex)
values (202007030115, 40, '劳致', '2002-4-16', 1, 1, 1)
insert into student (stunum, clsid, stuname, stubtd, pwd, static, sex)
values (202007020215, 41, '卫枫', '2002-4-5', 1, 1, 0)
insert into student (stunum, clsid, stuname, stubtd, pwd, static, sex)
values (202007020315, 42, '殴金希', '2002-1-27', 1, 1, 0)
insert into student (stunum, clsid, stuname, stubtd, pwd, static, sex)
values (202007030215, 43, '强竹', '2002-2-21', 1, 1, 0)
insert into student (stunum, clsid, stuname, stubtd, pwd, static, sex)
values (202007020415, 44, '姜仁宁', '2002-3-17', 1, 1, 0)
insert into student (stunum, clsid, stuname, stubtd, pwd, static, sex)
values (202007020515, 45, '公冶琳', '2001-5-14', 1, 1, 0)
insert into student (stunum, clsid, stuname, stubtd, pwd, static, sex)
values (202007020615, 46, '季忠雁', '2002-3-21', 1, 1, 0)
insert into student (stunum, clsid, stuname, stubtd, pwd, static, sex)
values (202007030315, 48, '冉娴', '2002-12-26', 1, 1, 0)
insert into student (stunum, clsid, stuname, stubtd, pwd, static, sex)
values (202007010116, 38, '荣义珊', '2002-1-26', 1, 1, 0)
insert into student (stunum, clsid, stuname, stubtd, pwd, static, sex)
values (202007020116, 39, '荣凯琛', '2002-5-7', 1, 1, 1)
insert into student (stunum, clsid, stuname, stubtd, pwd, static, sex)
values (202007030116, 40, '巴静', '2002-11-8', 1, 1, 0)
insert into student (stunum, clsid, stuname, stubtd, pwd, static, sex)
values (202007020216, 41, '左巧', '2002-9-25', 1, 1, 0)
insert into student (stunum, clsid, stuname, stubtd, pwd, static, sex)
values (202007020316, 42, '居星', '2001-1-18', 1, 1, 1)
insert into student (stunum, clsid, stuname, stubtd, pwd, static, sex)
values (202007030216, 43, '乌秀', '2002-8-13', 1, 1, 0)
insert into student (stunum, clsid, stuname, stubtd, pwd, static, sex)
values (202007020416, 44, '万器霞', '2002-1-1', 1, 1, 0)
insert into student (stunum, clsid, stuname, stubtd, pwd, static, sex)
values (202007020516, 45, '符电环', '2002-11-30', 1, 1, 0)
insert into student (stunum, clsid, stuname, stubtd, pwd, static, sex)
values (202007020616, 46, '红燕', '2000-12-27', 1, 1, 0)
insert into student (stunum, clsid, stuname, stubtd, pwd, static, sex)
values (202007030316, 48, '张卡霭', '2002-5-18', 1, 1, 0)
insert into student (stunum, clsid, stuname, stubtd, pwd, static, sex)
values (202007010117, 38, '郁和', '2002-5-19', 1, 1, 1)
insert into student (stunum, clsid, stuname, stubtd, pwd, static, sex)
values (202007020117, 39, '侯诸蓓', '2002-3-5', 1, 1, 0)
insert into student (stunum, clsid, stuname, stubtd, pwd, static, sex)
values (202007030117, 40, '马公珊', '2002-6-28', 1, 1, 0)
insert into student (stunum, clsid, stuname, stubtd, pwd, static, sex)
values (202007020217, 41, '邬行', '2002-5-26', 1, 1, 1)
insert into student (stunum, clsid, stuname, stubtd, pwd, static, sex)
values (202007020317, 42, '盖上颖', '2001-9-30', 1, 1, 0)
insert into student (stunum, clsid, stuname, stubtd, pwd, static, sex)
values (202007030217, 43, '韩歌策', '2002-10-28', 1, 1, 1)
insert into student (stunum, clsid, stuname, stubtd, pwd, static, sex)
values (202007020417, 44, '龚礼蓓', '2002-2-3', 1, 1, 0)
insert into student (stunum, clsid, stuname, stubtd, pwd, static, sex)
values (202007020517, 45, '东明', '2001-8-10', 1, 1, 1)
insert into student (stunum, clsid, stuname, stubtd, pwd, static, sex)
values (202007020617, 46, '温电彩', '2002-12-13', 1, 1, 0)
insert into student (stunum, clsid, stuname, stubtd, pwd, static, sex)
values (202007030317, 48, '甫尉加谦', '2002-8-6', 1, 1, 1)
insert into student (stunum, clsid, stuname, stubtd, pwd, static, sex)
values (202007010118, 38, '薛栋', '2002-7-18', 1, 1, 1)
insert into student (stunum, clsid, stuname, stubtd, pwd, static, sex)
values (202007020118, 39, '田器雅', '2002-11-26', 1, 1, 0)
insert into student (stunum, clsid, stuname, stubtd, pwd, static, sex)
values (202007030118, 40, '燕信江', '2002-6-24', 1, 1, 1)
insert into student (stunum, clsid, stuname, stubtd, pwd, static, sex)
values (202007020218, 41, '景义璐', '2002-9-26', 1, 1, 0)
insert into student (stunum, clsid, stuname, stubtd, pwd, static, sex)
values (202007020318, 42, '盛易韵', '2002-3-16', 1, 1, 0)
insert into student (stunum, clsid, stuname, stubtd, pwd, static, sex)
values (202007030218, 43, '贝菊', '2002-8-1', 1, 1, 0)
insert into student (stunum, clsid, stuname, stubtd, pwd, static, sex)
values (202007020418, 44, '向忠羽', '2002-6-3', 1, 1, 0)
insert into student (stunum, clsid, stuname, stubtd, pwd, static, sex)
values (202007020518, 45, '屈鹏', '2001-10-27', 1, 1, 1)
insert into student (stunum, clsid, stuname, stubtd, pwd, static, sex)
values (202007020618, 46, '熊瑗', '2002-7-18', 1, 1, 0)
insert into student (stunum, clsid, stuname, stubtd, pwd, static, sex)
values (202007030318, 48, '姜敬', '2002-11-15', 1, 1, 1)
insert into student (stunum, clsid, stuname, stubtd, pwd, static, sex)
values (202007010119, 38, '娄钰友', '2002-12-29', 1, 1, 1)
insert into student (stunum, clsid, stuname, stubtd, pwd, static, sex)
values (202007020119, 39, '尤钰荣', '2002-7-29', 1, 1, 0)
insert into student (stunum, clsid, stuname, stubtd, pwd, static, sex)
values (202007030119, 40, '终孝澜', '2000-3-3', 1, 1, 0)
insert into student (stunum, clsid, stuname, stubtd, pwd, static, sex)
values (202007020219, 41, '程孝莉', '2002-4-11', 1, 1, 0)
insert into student (stunum, clsid, stuname, stubtd, pwd, static, sex)
values (202007020319, 42, '百里仁栋', '2001-3-29', 1, 1, 1)
insert into student (stunum, clsid, stuname, stubtd, pwd, static, sex)
values (202007030219, 43, '荀善', '2002-6-14', 1, 1, 1)
insert into student (stunum, clsid, stuname, stubtd, pwd, static, sex)
values (202007020419, 44, '郑信馥', '2002-9-13', 1, 1, 0)
insert into student (stunum, clsid, stuname, stubtd, pwd, static, sex)
values (202007020519, 45, '奚都蓓', '2000-6-19', 1, 1, 0)
insert into student (stunum, clsid, stuname, stubtd, pwd, static, sex)
values (202007020619, 46, '钟爽', '2002-1-6', 1, 1, 0)
insert into student (stunum, clsid, stuname, stubtd, pwd, static, sex)
values (202007030319, 48, '宣力', '2000-5-15', 1, 1, 1)
insert into student (stunum, clsid, stuname, stubtd, pwd, static, sex)
values (202007010120, 38, '延羊秀', '2002-10-1', 1, 1, 0)
insert into student (stunum, clsid, stuname, stubtd, pwd, static, sex)
values (202007020120, 39, '国谦', '2002-8-27', 1, 1, 1)
insert into student (stunum, clsid, stuname, stubtd, pwd, static, sex)
values (202007030120, 40, '宰加贵', '2001-8-6', 1, 1, 1)
insert into student (stunum, clsid, stuname, stubtd, pwd, static, sex)
values (202007020220, 41, '狄礼妍', '2002-4-8', 1, 1, 0)
insert into student (stunum, clsid, stuname, stubtd, pwd, static, sex)
values (202007020320, 42, '雷无聪', '2002-5-16', 1, 1, 0)
insert into student (stunum, clsid, stuname, stubtd, pwd, static, sex)
values (202007030220, 43, '沃家', '2002-7-27', 1, 1, 1)
insert into student (stunum, clsid, stuname, stubtd, pwd, static, sex)
values (202007020420, 44, '符宜', '2002-3-23', 1, 1, 0)
insert into student (stunum, clsid, stuname, stubtd, pwd, static, sex)
values (202007020520, 45, '冉晨', '2001-3-22', 1, 1, 1)
insert into student (stunum, clsid, stuname, stubtd, pwd, static, sex)
values (202007020620, 46, '江婕', '2002-2-25', 1, 1, 0)
insert into student (stunum, clsid, stuname, stubtd, pwd, static, sex)
values (202007030320, 48, '郁马莲', '2002-12-30', 1, 1, 0)
insert into student (stunum, clsid, stuname, stubtd, pwd, static, sex)
values (202007010121, 38, '庞杰', '2002-3-19', 1, 1, 1)
insert into student (stunum, clsid, stuname, stubtd, pwd, static, sex)
values (202007020121, 39, '步以', '2002-2-28', 1, 1, 1)
insert into student (stunum, clsid, stuname, stubtd, pwd, static, sex)
values (202007030121, 40, '童竹', '2002-10-3', 1, 1, 0)
insert into student (stunum, clsid, stuname, stubtd, pwd, static, sex)
values (202007020221, 41, '鲁钰翔', '2002-3-11', 1, 1, 1)
insert into student (stunum, clsid, stuname, stubtd, pwd, static, sex)
values (202007020321, 42, '都菊', '2002-12-23', 1, 1, 0)
insert into student (stunum, clsid, stuname, stubtd, pwd, static, sex)
values (202007030221, 43, '董妍', '2001-2-18', 1, 1, 0)
insert into student (stunum, clsid, stuname, stubtd, pwd, static, sex)
values (202007020421, 44, '乔智成', '2002-2-16', 1, 1, 1)
insert into student (stunum, clsid, stuname, stubtd, pwd, static, sex)
values (202007020521, 45, '周易华', '2002-8-3', 1, 1, 0)
insert into student (stunum, clsid, stuname, stubtd, pwd, static, sex)
values (202007020621, 46, '毕龙', '2001-9-29', 1, 1, 1)
insert into student (stunum, clsid, stuname, stubtd, pwd, static, sex)
values (202007030321, 48, '西漆莉', '2002-1-7', 1, 1, 0)
insert into student (stunum, clsid, stuname, stubtd, pwd, static, sex)
values (202007010122, 38, '荣礼瑾', '2002-2-17', 1, 1, 0)
insert into student (stunum, clsid, stuname, stubtd, pwd, static, sex)
values (202007020122, 39, '胡友馨', '1999-1-29', 1, 1, 0)
insert into student (stunum, clsid, stuname, stubtd, pwd, static, sex)
values (202007030122, 40, '薛冰', '2002-9-4', 1, 1, 0)
insert into student (stunum, clsid, stuname, stubtd, pwd, static, sex)
values (202007020222, 41, '霍易琴', '2002-2-7', 1, 1, 0)
insert into student (stunum, clsid, stuname, stubtd, pwd, static, sex)
values (202007020322, 42, '席进', '2002-3-20', 1, 1, 1)
insert into student (stunum, clsid, stuname, stubtd, pwd, static, sex)
values (202007030222, 43, '季忠莲', '2003-5-26', 1, 1, 0)
insert into student (stunum, clsid, stuname, stubtd, pwd, static, sex)
values (202007020422, 44, '危嘉', '2002-3-18', 1, 1, 0)
insert into student (stunum, clsid, stuname, stubtd, pwd, static, sex)
values (202007020522, 45, '童钰静', '2002-8-17', 1, 1, 0)
insert into student (stunum, clsid, stuname, stubtd, pwd, static, sex)
values (202007020622, 46, '顾中', '2002-1-9', 1, 1, 1)
insert into student (stunum, clsid, stuname, stubtd, pwd, static, sex)
values (202007030322, 48, '安红', '2002-9-10', 1, 1, 0)
insert into student (stunum, clsid, stuname, stubtd, pwd, static, sex)
values (202007010123, 38, '霍婵', '2002-3-14', 1, 1, 0)
insert into student (stunum, clsid, stuname, stubtd, pwd, static, sex)
values (202007020123, 39, '许礼成', '2002-3-28', 1, 1, 1)
insert into student (stunum, clsid, stuname, stubtd, pwd, static, sex)
values (202007030123, 40, '吕信泽', '2001-9-16', 1, 1, 1)
insert into student (stunum, clsid, stuname, stubtd, pwd, static, sex)
values (202007020223, 41, '诸葛以', '2002-7-19', 1, 1, 1)
insert into student (stunum, clsid, stuname, stubtd, pwd, static, sex)
values (202007020323, 42, '干利', '2002-6-10', 1, 1, 1)
insert into student (stunum, clsid, stuname, stubtd, pwd, static, sex)
values (202007030223, 43, '宋仁素', '2002-8-21', 1, 1, 0)
insert into student (stunum, clsid, stuname, stubtd, pwd, static, sex)
values (202007020423, 44, '曹歌枫', '2002-3-20', 1, 1, 0)
insert into student (stunum, clsid, stuname, stubtd, pwd, static, sex)
values (202007020523, 45, '双玉咏', '2002-8-12', 1, 1, 0)
insert into student (stunum, clsid, stuname, stubtd, pwd, static, sex)
values (202007020623, 46, '罗刚', '2002-5-7', 1, 1, 1)
insert into student (stunum, clsid, stuname, stubtd, pwd, static, sex)
values (202007030323, 48, '金玉善', '2000-1-7', 1, 1, 1)
insert into student (stunum, clsid, stuname, stubtd, pwd, static, sex)
values (202007010124, 38, '戴莺', '2001-3-22', 1, 1, 0)
insert into student (stunum, clsid, stuname, stubtd, pwd, static, sex)
values (202007020124, 39, '乌姣', '2002-12-1', 1, 1, 0)
insert into student (stunum, clsid, stuname, stubtd, pwd, static, sex)
values (202007030124, 40, '顾顺', '2001-4-17', 1, 1, 1)
insert into student (stunum, clsid, stuname, stubtd, pwd, static, sex)
values (202007020224, 41, '刘霭', '2001-5-14', 1, 1, 0)
insert into student (stunum, clsid, stuname, stubtd, pwd, static, sex)
values (202007020324, 42, '宗梁', '2002-8-18', 1, 1, 1)
insert into student (stunum, clsid, stuname, stubtd, pwd, static, sex)
values (202007030224, 43, '端木友秀', '2002-12-23', 1, 1, 0)
insert into student (stunum, clsid, stuname, stubtd, pwd, static, sex)
values (202007020424, 44, '益霭', '2001-6-18', 1, 1, 0)
insert into student (stunum, clsid, stuname, stubtd, pwd, static, sex)
values (202007020524, 45, '洪加蓉', '2001-5-19', 1, 1, 0)
insert into student (stunum, clsid, stuname, stubtd, pwd, static, sex)
values (202007020624, 46, '强仪', '2000-10-29', 1, 1, 0)
insert into student (stunum, clsid, stuname, stubtd, pwd, static, sex)
values (202007030324, 48, '都荔', '2001-8-25', 1, 1, 0)
insert into student (stunum, clsid, stuname, stubtd, pwd, static, sex)
values (202007010125, 38, '施金洁', '2000-4-12', 1, 1, 0)
insert into student (stunum, clsid, stuname, stubtd, pwd, static, sex)
values (202007020125, 39, '高中信', '2002-10-24', 1, 1, 1)
insert into student (stunum, clsid, stuname, stubtd, pwd, static, sex)
values (202007030125, 40, '冀电轮', '2002-1-23', 1, 1, 1)
insert into student (stunum, clsid, stuname, stubtd, pwd, static, sex)
values (202007020225, 41, '申屠策', '2002-4-17', 1, 1, 1)
insert into student (stunum, clsid, stuname, stubtd, pwd, static, sex)
values (202007020325, 42, '巴珠', '2001-8-14', 1, 1, 0)
insert into student (stunum, clsid, stuname, stubtd, pwd, static, sex)
values (202007030225, 43, '童被玲', '2002-6-27', 1, 1, 0)
insert into student (stunum, clsid, stuname, stubtd, pwd, static, sex)
values (202007020425, 44, '计筠', '2002-8-7', 1, 1, 0)
insert into student (stunum, clsid, stuname, stubtd, pwd, static, sex)
values (202007020525, 45, '洪树', '2002-1-9', 1, 1, 1)
insert into student (stunum, clsid, stuname, stubtd, pwd, static, sex)
values (202007020625, 46, '计凡', '2000-2-22', 1, 1, 0)
insert into student (stunum, clsid, stuname, stubtd, pwd, static, sex)
values (202007030325, 48, '梅岩', '2001-6-12', 1, 1, 1)
insert into student (stunum, clsid, stuname, stubtd, pwd, static, sex)
values (202007010126, 38, '门呼上维', '2002-4-7', 1, 1, 1)
insert into student (stunum, clsid, stuname, stubtd, pwd, static, sex)
values (202007020126, 39, '戚瑾', '2002-7-25', 1, 1, 0)
insert into student (stunum, clsid, stuname, stubtd, pwd, static, sex)
values (202007030126, 40, '甄被腾', '2002-6-24', 1, 1, 1)
insert into student (stunum, clsid, stuname, stubtd, pwd, static, sex)
values (202007020226, 41, '奚仁思', '2002-1-21', 1, 1, 1)
insert into student (stunum, clsid, stuname, stubtd, pwd, static, sex)
values (202007020326, 42, '孙被维', '2002-10-10', 1, 1, 1)
insert into student (stunum, clsid, stuname, stubtd, pwd, static, sex)
values (202007030226, 43, '姜贝茗', '2002-11-1', 1, 1, 0)
insert into student (stunum, clsid, stuname, stubtd, pwd, static, sex)
values (202007020426, 44, '冀澜', '2000-11-28', 1, 1, 0)
insert into student (stunum, clsid, stuname, stubtd, pwd, static, sex)
values (202007020526, 45, '卞都玉', '2002-10-20', 1, 1, 0)
insert into student (stunum, clsid, stuname, stubtd, pwd, static, sex)
values (202007020626, 46, '尹器桂', '2001-9-12', 1, 1, 0)
insert into student (stunum, clsid, stuname, stubtd, pwd, static, sex)
values (202007030326, 48, '林被滢', '2002-5-19', 1, 1, 0)
insert into student (stunum, clsid, stuname, stubtd, pwd, static, sex)
values (202007010127, 38, '束纯', '2002-1-29', 1, 1, 0)
insert into student (stunum, clsid, stuname, stubtd, pwd, static, sex)
values (202007020127, 39, '赵歌妍', '2002-4-6', 1, 1, 0)
insert into student (stunum, clsid, stuname, stubtd, pwd, static, sex)
values (202007030127, 40, '邢贞', '2002-6-9', 1, 1, 0)
insert into student (stunum, clsid, stuname, stubtd, pwd, static, sex)
values (202007020227, 41, '谷宰亚', '2002-12-8', 1, 1, 0)
insert into student (stunum, clsid, stuname, stubtd, pwd, static, sex)
values (202007020327, 42, '松玉哲', '2001-7-17', 1, 1, 1)
insert into student (stunum, clsid, stuname, stubtd, pwd, static, sex)
values (202007030227, 43, '强彬', '2002-4-17', 1, 1, 1)
insert into student (stunum, clsid, stuname, stubtd, pwd, static, sex)
values (202007020427, 44, '危都萍', '2002-5-12', 1, 1, 0)
insert into student (stunum, clsid, stuname, stubtd, pwd, static, sex)
values (202007020527, 45, '阳淳秋', '2002-12-8', 1, 1, 0)
insert into student (stunum, clsid, stuname, stubtd, pwd, static, sex)
values (202007020627, 46, '元玉菁', '2000-3-13', 1, 1, 0)
insert into student (stunum, clsid, stuname, stubtd, pwd, static, sex)
values (202007030327, 48, '贺被素', '2002-7-8', 1, 1, 0)
insert into student (stunum, clsid, stuname, stubtd, pwd, static, sex)
values (202007010128, 38, '山易亨', '2002-9-8', 1, 1, 1)
insert into student (stunum, clsid, stuname, stubtd, pwd, static, sex)
values (202007020128, 39, '巴伊', '2002-5-13', 1, 1, 0)
insert into student (stunum, clsid, stuname, stubtd, pwd, static, sex)
values (202007030128, 40, '谷贵', '2002-12-28', 1, 1, 1)
insert into student (stunum, clsid, stuname, stubtd, pwd, static, sex)
values (202007020228, 41, '劳钰秀', '2002-10-29', 1, 1, 0)
insert into student (stunum, clsid, stuname, stubtd, pwd, static, sex)
values (202007020328, 42, '安欣', '2001-3-30', 1, 1, 0)
insert into student (stunum, clsid, stuname, stubtd, pwd, static, sex)
values (202007030228, 43, '景静', '2000-5-2', 1, 1, 0)
insert into student (stunum, clsid, stuname, stubtd, pwd, static, sex)
values (202007020428, 44, '戴歌玲', '2002-5-8', 1, 1, 0)
insert into student (stunum, clsid, stuname, stubtd, pwd, static, sex)
values (202007020528, 45, '单才', '2001-2-5', 1, 1, 1)
insert into student (stunum, clsid, stuname, stubtd, pwd, static, sex)
values (202007020628, 46, '路器心', '2000-10-6', 1, 1, 1)
insert into student (stunum, clsid, stuname, stubtd, pwd, static, sex)
values (202007030328, 48, '邓义', '2001-6-21', 1, 1, 1)
insert into student (stunum, clsid, stuname, stubtd, pwd, static, sex)
values (202007010129, 38, '弓菊', '2002-7-1', 1, 1, 0)
insert into student (stunum, clsid, stuname, stubtd, pwd, static, sex)
values (202007020129, 39, '符笑强', '2002-4-7', 1, 1, 1)
insert into student (stunum, clsid, stuname, stubtd, pwd, static, sex)
values (202007030129, 40, '牛义昭', '2002-3-21', 1, 1, 0)
insert into student (stunum, clsid, stuname, stubtd, pwd, static, sex)
values (202007020229, 41, '舌微世', '2002-1-26', 1, 1, 1)
insert into student (stunum, clsid, stuname, stubtd, pwd, static, sex)
values (202007020329, 42, '杭凤', '2002-9-9', 1, 1, 0)
insert into student (stunum, clsid, stuname, stubtd, pwd, static, sex)
values (202007030229, 43, '安国', '2002-12-10', 1, 1, 1)
insert into student (stunum, clsid, stuname, stubtd, pwd, static, sex)
values (202007020429, 44, '祁莉', '2002-9-14', 1, 1, 0)
insert into student (stunum, clsid, stuname, stubtd, pwd, static, sex)
values (202007020529, 45, '韦凯珍', '2001-7-10', 1, 1, 0)
insert into student (stunum, clsid, stuname, stubtd, pwd, static, sex)
values (202007020629, 46, '袁晶', '2000-12-23', 1, 1, 0)
insert into student (stunum, clsid, stuname, stubtd, pwd, static, sex)
values (202007030329, 48, '平亮', '2002-7-5', 1, 1, 1)
insert into student (stunum, clsid, stuname, stubtd, pwd, static, sex)
values (202007010130, 38, '岑电真', '2002-2-1', 1, 1, 0)
insert into student (stunum, clsid, stuname, stubtd, pwd, static, sex)
values (202007020130, 39, '牧卡珠', '2002-2-14', 1, 1, 0)
insert into student (stunum, clsid, stuname, stubtd, pwd, static, sex)
values (202007030130, 40, '邵会', '2001-9-13', 1, 1, 1)
insert into student (stunum, clsid, stuname, stubtd, pwd, static, sex)
values (202007020230, 41, '通壮', '2002-6-4', 1, 1, 1)
insert into student (stunum, clsid, stuname, stubtd, pwd, static, sex)
values (202007020330, 42, '吕广', '2002-5-8', 1, 1, 1)
insert into student (stunum, clsid, stuname, stubtd, pwd, static, sex)
values (202007030230, 43, '牛舒', '2002-2-5', 1, 1, 0)
insert into student (stunum, clsid, stuname, stubtd, pwd, static, sex)
values (202007020430, 44, '侯礼蓉', '2002-3-26', 1, 1, 0)
insert into student (stunum, clsid, stuname, stubtd, pwd, static, sex)
values (202007020530, 45, '鲍伊', '2002-8-22', 1, 1, 0)
insert into student (stunum, clsid, stuname, stubtd, pwd, static, sex)
values (202007020630, 46, '苍中贞', '2000-8-24', 1, 1, 0)
insert into student (stunum, clsid, stuname, stubtd, pwd, static, sex)
values (202007030330, 48, '翁菁', '2002-9-14', 1, 1, 0)
insert into student (stunum, clsid, stuname, stubtd, pwd, static, sex)
values (202007010131, 38, '陈超', '2000-8-9', 1, 1, 1)
insert into student (stunum, clsid, stuname, stubtd, pwd, static, sex)
values (202007020131, 39, '卜卿', '2002-6-13', 1, 1, 0)
insert into student (stunum, clsid, stuname, stubtd, pwd, static, sex)
values (202007030131, 40, '岑好顺', '2002-6-5', 1, 1, 1)
insert into student (stunum, clsid, stuname, stubtd, pwd, static, sex)
values (202007020231, 41, '包友', '2001-1-22', 1, 1, 1)
insert into student (stunum, clsid, stuname, stubtd, pwd, static, sex)
values (202007020331, 42, '诸电冰', '2001-6-5', 1, 1, 0)
insert into student (stunum, clsid, stuname, stubtd, pwd, static, sex)
values (202007030231, 43, '宁器晶', '2002-4-2', 1, 1, 0)
insert into student (stunum, clsid, stuname, stubtd, pwd, static, sex)
values (202007020431, 44, '屈中先', '2002-11-18', 1, 1, 1)
insert into student (stunum, clsid, stuname, stubtd, pwd, static, sex)
values (202007020531, 45, '益慧', '2002-9-28', 1, 1, 0)
insert into student (stunum, clsid, stuname, stubtd, pwd, static, sex)
values (202007020631, 46, '苍钰勇', '2002-12-23', 1, 1, 1)
insert into student (stunum, clsid, stuname, stubtd, pwd, static, sex)
values (202007030331, 48, '东郭佳', '2001-2-28', 1, 1, 0)
insert into student (stunum, clsid, stuname, stubtd, pwd, static, sex)
values (202007010132, 38, '时琬', '2002-1-11', 1, 1, 0)
insert into student (stunum, clsid, stuname, stubtd, pwd, static, sex)
values (202007020132, 39, '芮器学', '2002-2-14', 1, 1, 1)
insert into student (stunum, clsid, stuname, stubtd, pwd, static, sex)
values (202007030132, 40, '滑荔', '2002-5-17', 1, 1, 0)
insert into student (stunum, clsid, stuname, stubtd, pwd, static, sex)
values (202007020232, 41, '闻人器蓓', '2002-4-1', 1, 1, 0)
insert into student (stunum, clsid, stuname, stubtd, pwd, static, sex)
values (202007020332, 42, '韶被义', '2000-4-30', 1, 1, 1)
insert into student (stunum, clsid, stuname, stubtd, pwd, static, sex)
values (202007030232, 43, '成都文', '2001-8-4', 1, 1, 1)
insert into student (stunum, clsid, stuname, stubtd, pwd, static, sex)
values (202007020432, 44, '唐克', '2002-9-25', 1, 1, 1)
insert into student (stunum, clsid, stuname, stubtd, pwd, static, sex)
values (202007020532, 45, '司徒元', '2002-11-2', 1, 1, 1)
insert into student (stunum, clsid, stuname, stubtd, pwd, static, sex)
values (202007020632, 46, '伍茂', '2002-6-7', 1, 1, 1)
insert into student (stunum, clsid, stuname, stubtd, pwd, static, sex)
values (202007030332, 48, '符鹏', '2002-2-5', 1, 1, 1)
insert into student (stunum, clsid, stuname, stubtd, pwd, static, sex)
values (202007010133, 38, '鲁学', '2002-8-25', 1, 1, 1)
insert into student (stunum, clsid, stuname, stubtd, pwd, static, sex)
values (202007020133, 39, '淳于琛', '2002-6-25', 1, 1, 1)
insert into student (stunum, clsid, stuname, stubtd, pwd, static, sex)
values (202007030133, 40, '褚信诚', '2002-8-6', 1, 1, 1)
insert into student (stunum, clsid, stuname, stubtd, pwd, static, sex)
values (202007020233, 41, '储天', '2002-12-2', 1, 1, 1)
insert into student (stunum, clsid, stuname, stubtd, pwd, static, sex)
values (202007020333, 42, '卞孝龙', '2002-6-23', 1, 1, 1)
insert into student (stunum, clsid, stuname, stubtd, pwd, static, sex)
values (202007030233, 43, '庞孝义', '2002-7-26', 1, 1, 1)
insert into student (stunum, clsid, stuname, stubtd, pwd, static, sex)
values (202007020433, 44, '姚薇', '2001-6-14', 1, 1, 0)
insert into student (stunum, clsid, stuname, stubtd, pwd, static, sex)
values (202007020533, 45, '隗智国', '2002-6-12', 1, 1, 1)
insert into student (stunum, clsid, stuname, stubtd, pwd, static, sex)
values (202007020633, 46, '颛孙桂', '2002-8-7', 1, 1, 0)
insert into student (stunum, clsid, stuname, stubtd, pwd, static, sex)
values (202007030333, 48, '包义', '2002-5-14', 1, 1, 1)
insert into student (stunum, clsid, stuname, stubtd, pwd, static, sex)
values (202007010134, 38, '封华', '2000-9-23', 1, 1, 0)
insert into student (stunum, clsid, stuname, stubtd, pwd, static, sex)
values (202007020134, 39, '晋都星', '2002-3-15', 1, 1, 1)
insert into student (stunum, clsid, stuname, stubtd, pwd, static, sex)
values (202007030134, 40, '水加妍', '2002-3-15', 1, 1, 0)
insert into student (stunum, clsid, stuname, stubtd, pwd, static, sex)
values (202007020234, 41, '云卡叶', '2002-3-14', 1, 1, 0)
insert into student (stunum, clsid, stuname, stubtd, pwd, static, sex)
values (202007020334, 42, '林无思', '2001-2-1', 1, 1, 0)
insert into student (stunum, clsid, stuname, stubtd, pwd, static, sex)
values (202007030234, 43, '钱庆', '2002-5-30', 1, 1, 1)
insert into student (stunum, clsid, stuname, stubtd, pwd, static, sex)
values (202007020434, 44, '屈锦', '2002-4-2', 1, 1, 0)
insert into student (stunum, clsid, stuname, stubtd, pwd, static, sex)
values (202007020534, 45, '邬冠', '2002-6-20', 1, 1, 1)
insert into student (stunum, clsid, stuname, stubtd, pwd, static, sex)
values (202007020634, 46, '宰珊', '2002-10-7', 1, 1, 0)
insert into student (stunum, clsid, stuname, stubtd, pwd, static, sex)
values (202007030334, 48, '喻炎', '2001-2-19', 1, 1, 1)
insert into student (stunum, clsid, stuname, stubtd, pwd, static, sex)
values (202007010135, 38, '崔雅', '2002-4-6', 1, 1, 0)
insert into student (stunum, clsid, stuname, stubtd, pwd, static, sex)
values (202007020135, 39, '奚飞', '2002-11-21', 1, 1, 1)
insert into student (stunum, clsid, stuname, stubtd, pwd, static, sex)
values (202007030135, 40, '罗都叶', '2003-7-27', 1, 1, 0)
insert into student (stunum, clsid, stuname, stubtd, pwd, static, sex)
values (202007020235, 41, '冉娴', '2002-6-13', 1, 1, 0)
insert into student (stunum, clsid, stuname, stubtd, pwd, static, sex)
values (202007020335, 42, '官欧上盛', '2002-11-14', 1, 1, 1)
insert into student (stunum, clsid, stuname, stubtd, pwd, static, sex)
values (202007030235, 43, '许真', '2001-8-24', 1, 1, 0)
insert into student (stunum, clsid, stuname, stubtd, pwd, static, sex)
values (202007020435, 44, '盛凯滢', '2000-9-29', 1, 1, 0)
insert into student (stunum, clsid, stuname, stubtd, pwd, static, sex)
values (202007020535, 45, '卢孝昌', '2000-8-27', 1, 1, 1)
insert into student (stunum, clsid, stuname, stubtd, pwd, static, sex)
values (202007020635, 46, '董珊', '2001-3-5', 1, 1, 0)
insert into student (stunum, clsid, stuname, stubtd, pwd, static, sex)
values (202007010201, 47, '郁马弘', '2001-12-1', 1, 1, 1)
insert into student (stunum, clsid, stuname, stubtd, pwd, static, sex)
values (202007010202, 47, '邓义启', '2002-6-2', 1, 1, 1)
insert into student (stunum, clsid, stuname, stubtd, pwd, static, sex)
values (202007010203, 47, '刁中艳', '2002-5-19', 1, 1, 0)
insert into student (stunum, clsid, stuname, stubtd, pwd, static, sex)
values (202007010204, 47, '韶忠芳', '2002-8-21', 1, 1, 0)
insert into student (stunum, clsid, stuname, stubtd, pwd, static, sex)
values (202007010205, 47, '红马广', '2002-9-1', 1, 1, 1)
insert into student (stunum, clsid, stuname, stubtd, pwd, static, sex)
values (202007010206, 47, '钟离马榕', '2001-7-15', 1, 1, 1)
insert into student (stunum, clsid, stuname, stubtd, pwd, static, sex)
values (202007010207, 47, '宣新', '2001-1-1', 1, 1, 1)
insert into student (stunum, clsid, stuname, stubtd, pwd, static, sex)
values (202007010208, 47, '逄民', '2002-2-22', 1, 1, 1)
insert into student (stunum, clsid, stuname, stubtd, pwd, static, sex)
values (202007010209, 47, '萧友刚', '2002-5-18', 1, 1, 1)
insert into student (stunum, clsid, stuname, stubtd, pwd, static, sex)
values (202007010210, 47, '甄九贞', '2002-5-23', 1, 1, 0)
insert into student (stunum, clsid, stuname, stubtd, pwd, static, sex)
values (202007010211, 47, '牛上武', '2002-11-11', 1, 1, 1)
insert into student (stunum, clsid, stuname, stubtd, pwd, static, sex)
values (202007010212, 47, '葛孝平', '2002-4-15', 1, 1, 1)
insert into student (stunum, clsid, stuname, stubtd, pwd, static, sex)
values (202007010213, 47, '左振', '2002-6-3', 1, 1, 1)
insert into student (stunum, clsid, stuname, stubtd, pwd, static, sex)
values (202007010214, 47, '王文', '2001-2-22', 1, 1, 1)
insert into student (stunum, clsid, stuname, stubtd, pwd, static, sex)
values (202007010215, 47, '隗凯力', '2002-7-1', 1, 1, 1)
insert into student (stunum, clsid, stuname, stubtd, pwd, static, sex)
values (202007010216, 47, '屈林', '2001-4-10', 1, 1, 1)
insert into student (stunum, clsid, stuname, stubtd, pwd, static, sex)
values (202007010217, 47, '陶仁洁', '2002-2-27', 1, 1, 0)
insert into student (stunum, clsid, stuname, stubtd, pwd, static, sex)
values (202007010218, 47, '田卡冰', '2002-7-30', 1, 1, 0)
insert into student (stunum, clsid, stuname, stubtd, pwd, static, sex)
values (202007010219, 47, '梅瑞', '2002-3-8', 1, 1, 0)
insert into student (stunum, clsid, stuname, stubtd, pwd, static, sex)
values (202007010220, 47, '云君', '2002-1-23', 1, 1, 0)
insert into student (stunum, clsid, stuname, stubtd, pwd, static, sex)
values (202007010221, 47, '容霞', '2002-1-17', 1, 1, 0)
insert into student (stunum, clsid, stuname, stubtd, pwd, static, sex)
values (202007010222, 47, '罗飘', '2002-10-22', 1, 1, 0)
insert into student (stunum, clsid, stuname, stubtd, pwd, static, sex)
values (202007010223, 47, '粱怡', '2001-7-16', 1, 1, 0)
insert into student (stunum, clsid, stuname, stubtd, pwd, static, sex)
values (202007010224, 47, '呼延金义', '2002-7-14', 1, 1, 1)
insert into student (stunum, clsid, stuname, stubtd, pwd, static, sex)
values (202007010225, 47, '顾士', '2002-11-11', 1, 1, 1)
insert into student (stunum, clsid, stuname, stubtd, pwd, static, sex)
values (202007010226, 47, '韶贝融', '2001-7-17', 1, 1, 0)
insert into student (stunum, clsid, stuname, stubtd, pwd, static, sex)
values (202007010227, 47, '龚电滢', '2002-4-1', 1, 1, 0)
insert into student (stunum, clsid, stuname, stubtd, pwd, static, sex)
values (202007010228, 47, '贺凡', '2000-12-4', 1, 1, 0)
insert into student (stunum, clsid, stuname, stubtd, pwd, static, sex)
values (202007010229, 47, '龙豪', '2002-2-2', 1, 1, 1)
insert into student (stunum, clsid, stuname, stubtd, pwd, static, sex)
values (202007010230, 47, '左贝艺', '2000-5-9', 1, 1, 0)
insert into student (stunum, clsid, stuname, stubtd, pwd, static, sex)
values (202007010231, 47, '符俊', '2002-3-26', 1, 1, 1)
insert into student (stunum, clsid, stuname, stubtd, pwd, static, sex)
values (202007010232, 47, '弓歌时', '2002-8-11', 1, 1, 1)
insert into student (stunum, clsid, stuname, stubtd, pwd, static, sex)
values (202007010233, 47, '芮忠义', '2002-7-22', 1, 1, 1)
insert into student (stunum, clsid, stuname, stubtd, pwd, static, sex)
values (202007010234, 47, '方艳', '2002-1-21', 1, 1, 0)
insert into student (stunum, clsid, stuname, stubtd, pwd, static, sex)
values (202007010235, 47, '边君', '1999-10-13', 1, 1, 0);


-- 数科第一学期
insert into coursearrangement(lesid, teanum, clsid, year, semester)
values (6, '19800304', 40, 2020, 1)
    insert
into coursearrangement(lesid, teanum, clsid, year, semester)
values (6, '19880001', 43, 2020, 1)
insert into coursearrangement(lesid, teanum, clsid, year, semester)
values (6, '19820305', 48, 2020, 1)
insert into coursearrangement(lesid, teanum, clsid, year, semester)
values (5, '19840506', 40, 2020, 1)
insert into coursearrangement(lesid, teanum, clsid, year, semester)
values (5, '19860207', 43, 2020, 1)
insert into coursearrangement(lesid, teanum, clsid, year, semester)
values (5, '19890504', 48, 2020, 1)
-- 数科第二学期
insert into coursearrangement(lesid, teanum, clsid, year, semester)
values (3, '19870501', 40, 2020, 2)
insert into coursearrangement(lesid, teanum, clsid, year, semester)
values (3, '19870507', 43, 2020, 2)
insert into coursearrangement(lesid, teanum, clsid, year, semester)
values (3, '19910505', 48, 2020, 2)
insert into coursearrangement(lesid, teanum, clsid, year, semester)
values (1, '19910006', 40, 2020, 2)
insert into coursearrangement(lesid, teanum, clsid, year, semester)
values (1, '19830107', 43, 2020, 2)
insert into coursearrangement(lesid, teanum, clsid, year, semester)
values (1, '19880204', 48, 2020, 2)
-- 计类第一学期
insert into coursearrangement(lesid, teanum, clsid, year, semester)
values (6, '19860408', 38, 2020, 1)
insert into coursearrangement(lesid, teanum, clsid, year, semester)
values (6, '19830501', 47, 2020, 1)
insert into coursearrangement(lesid, teanum, clsid, year, semester)
values (3, '19900204', 38, 2020, 1)
insert into coursearrangement(lesid, teanum, clsid, year, semester)
values (3, '19830302', 47, 2020, 1)
-- 计类第二学期
insert into coursearrangement(lesid, teanum, clsid, year, semester)
values (5, '19880407', 38, 2020, 2)
insert into coursearrangement(lesid, teanum, clsid, year, semester)
values (5, '19930103', 47, 2020, 2)
insert into coursearrangement(lesid, teanum, clsid, year, semester)
values (2, '19890002', 38, 2020, 2)
insert into coursearrangement(lesid, teanum, clsid, year, semester)
values (2, '19880402', 47, 2020, 2)
--通信第一学期
insert into coursearrangement(lesid, teanum, clsid, year, semester)
values (6, '19880001', 39, 2020, 1)
insert into coursearrangement(lesid, teanum, clsid, year, semester)
values (6, '19840208', 41, 2020, 1)
insert into coursearrangement(lesid, teanum, clsid, year, semester)
values (6, '19810101', 42, 2020, 1)
insert into coursearrangement(lesid, teanum, clsid, year, semester)
values (6, '19910504', 44, 2020, 1)
insert into coursearrangement(lesid, teanum, clsid, year, semester)
values (6, '19940201', 45, 2020, 1)
insert into coursearrangement(lesid, teanum, clsid, year, semester)
values (6, '19860205', 46, 2020, 1)
insert into coursearrangement(lesid, teanum, clsid, year, semester)
values (3, '19890403', 39, 2020, 1)
insert into coursearrangement(lesid, teanum, clsid, year, semester)
values (3, '19800405', 41, 2020, 1)
insert into coursearrangement(lesid, teanum, clsid, year, semester)
values (3, '19900203', 42, 2020, 1)
insert into coursearrangement(lesid, teanum, clsid, year, semester)
values (3, '19870305', 44, 2020, 1)
insert into coursearrangement(lesid, teanum, clsid, year, semester)
values (3, '19920002', 45, 2020, 1)
insert into coursearrangement(lesid, teanum, clsid, year, semester)
values (3, '19950504', 46, 2020, 1)
--通信第二学期
insert into coursearrangement(lesid, teanum, clsid, year, semester)
values (5, '19820202', 39, 2020, 2)
insert into coursearrangement(lesid, teanum, clsid, year, semester)
values (5, '19890206', 41, 2020, 2)
insert into coursearrangement(lesid, teanum, clsid, year, semester)
values (5, '19860207', 42, 2020, 2)
insert into coursearrangement(lesid, teanum, clsid, year, semester)
values (5, '19810303', 44, 2020, 2)
insert into coursearrangement(lesid, teanum, clsid, year, semester)
values (5, '19880303', 45, 2020, 2)
insert into coursearrangement(lesid, teanum, clsid, year, semester)
values (5, '19830508', 46, 2020, 2)
insert into coursearrangement(lesid, teanum, clsid, year, semester)
values (4, '19950001', 39, 2020, 2)
insert into coursearrangement(lesid, teanum, clsid, year, semester)
values (4, '19870103', 41, 2020, 2)
insert into coursearrangement(lesid, teanum, clsid, year, semester)
values (4, '19940504', 42, 2020, 2)
insert into coursearrangement(lesid, teanum, clsid, year, semester)
values (4, '19820103', 44, 2020, 2)
insert into coursearrangement(lesid, teanum, clsid, year, semester)
values (4, '19940003', 45, 2020, 2)
insert into coursearrangement(lesid, teanum, clsid, year, semester)
values (4, '19920001', 46, 2020, 2)
-- 设置考试
insert into examschedule(esid,caid, examdate, static, context) values (2,3,2020/6/30,0,'计类C语言考试')
insert into examschedule(esid,caid, examdate, static, context) values (4,6,2020/7/1,0,'计类英语考试')
insert into examschedule(esid,caid, examdate, static, context) values (6,3,2020/6/30,0,'通信1,2班 C语言考试')
insert into examschedule(esid,caid, examdate, static, context) values (7,3,2020/6/30,0,'通信3,4班 C语言考试')
insert into examschedule(esid,caid, examdate, static, context) values (8,3,2020/6/30,0,'通信5,6班 C语言考试')
insert into examschedule(esid,caid, examdate, static, context) values (9,6,2020/7/1,0,'通信1,2英语考试')
insert into examschedule(esid,caid, examdate, static, context) values (10,6,2020/7/1,0,'通信3,4英语考试')
insert into examschedule(esid,caid, examdate, static, context) values (11,6,2020/7/1,0,'通信5,6英语考试')
insert into examschedule(esid,caid, examdate, static, context) values (12,6,2020/7/1,0,'数科1,2英语考试')
insert into examschedule(esid,caid, examdate, static, context) values (13,6,2020/7/1,0,'数科3英语考试')
insert into examschedule(esid,caid, examdate, static, context) values (14,5,2020/7/2,0,'数科3高数考试')
insert into examschedule(esid,caid, examdate, static, context) values (15,5,2020/7/2,0,'数科1,2高数考试')

--计类C语言考试
insert into score(esid, stuNum, score)
values (2, 202007010101, 73)
insert into score(esid, stuNum, score)
values (2, 202007010102, 64)
insert into score(esid, stuNum, score)
values (2, 202007010103, 63)
insert into score(esid, stuNum, score)
values (2, 202007010104, 19)
insert into score(esid, stuNum, score)
values (2, 202007010105, 74)
insert into score(esid, stuNum, score)
values (2, 202007010106, 65)
insert into score(esid, stuNum, score)
values (2, 202007010107, 62)
insert into score(esid, stuNum, score)
values (2, 202007010108, 78)
insert into score(esid, stuNum, score)
values (2, 202007010109, 41)
insert into score(esid, stuNum, score)
values (2, 202007010110, 80)
insert into score(esid, stuNum, score)
values (2, 202007010111, 100)
insert into score(esid, stuNum, score)
values (2, 202007010112, 65)
insert into score(esid, stuNum, score)
values (2, 202007010113, 75)
insert into score(esid, stuNum, score)
values (2, 202007010114, 95)
insert into score(esid, stuNum, score)
values (2, 202007010115, 60)
insert into score(esid, stuNum, score)
values (2, 202007010116, 87)
insert into score(esid, stuNum, score)
values (2, 202007010117, 72)
insert into score(esid, stuNum, score)
values (2, 202007010118, 92)
insert into score(esid, stuNum, score)
values (2, 202007010119, 81)
insert into score(esid, stuNum, score)
values (2, 202007010120, 77)
insert into score(esid, stuNum, score)
values (2, 202007010121, 68)
insert into score(esid, stuNum, score)
values (2, 202007010122, 88)
insert into score(esid, stuNum, score)
values (2, 202007010123, 69)
insert into score(esid, stuNum, score)
values (2, 202007010124, 91)
insert into score(esid, stuNum, score)
values (2, 202007010125, 97)
insert into score(esid, stuNum, score)
values (2, 202007010126, 85)
insert into score(esid, stuNum, score)
values (2, 202007010127, 74)
insert into score(esid, stuNum, score)
values (2, 202007010128, 67)
insert into score(esid, stuNum, score)
values (2, 202007010129, 83)
insert into score(esid, stuNum, score)
values (2, 202007010130, 62)
insert into score(esid, stuNum, score)
values (2, 202007010131, 60)
insert into score(esid, stuNum, score)
values (2, 202007010132, 70)
insert into score(esid, stuNum, score)
values (2, 202007010133, 65)
insert into score(esid, stuNum, score)
values (2, 202007010134, 89)
insert into score(esid, stuNum, score)
values (2, 202007010135, 68)
insert into score(esid, stuNum, score)
values (2, 202007010201, 67)
insert into score(esid, stuNum, score)
values (2, 202007010202, 87)
insert into score(esid, stuNum, score)
values (2, 202007010203, 81)
insert into score(esid, stuNum, score)
values (2, 202007010204, 60)
insert into score(esid, stuNum, score)
values (2, 202007010205, 65)
insert into score(esid, stuNum, score)
values (2, 202007010206, 62)
insert into score(esid, stuNum, score)
values (2, 202007010207, 79)
insert into score(esid, stuNum, score)
values (2, 202007010208, 45)
insert into score(esid, stuNum, score)
values (2, 202007010209, 88)
insert into score(esid, stuNum, score)
values (2, 202007010210, 79)
insert into score(esid, stuNum, score)
values (2, 202007010211, 61)
insert into score(esid, stuNum, score)
values (2, 202007010212, 65)
insert into score(esid, stuNum, score)
values (2, 202007010213, 90)
insert into score(esid, stuNum, score)
values (2, 202007010214, 79)
insert into score(esid, stuNum, score)
values (2, 202007010215, 96)
insert into score(esid, stuNum, score)
values (2, 202007010216, 79)
insert into score(esid, stuNum, score)
values (2, 202007010217, 75)
insert into score(esid, stuNum, score)
values (2, 202007010218, 77)
insert into score(esid, stuNum, score)
values (2, 202007010219, 67)
insert into score(esid, stuNum, score)
values (2, 202007010220, 64)
insert into score(esid, stuNum, score)
values (2, 202007010221, 72)
insert into score(esid, stuNum, score)
values (2, 202007010222, 62)
insert into score(esid, stuNum, score)
values (2, 202007010223, 68)
insert into score(esid, stuNum, score)
values (2, 202007010224, 88)
insert into score(esid, stuNum, score)
values (2, 202007010225, 68)
insert into score(esid, stuNum, score)
values (2, 202007010226, 9)
insert into score(esid, stuNum, score)
values (2, 202007010227, 84)
insert into score(esid, stuNum, score)
values (2, 202007010228, 66)
insert into score(esid, stuNum, score)
values (2, 202007010229, 75)
insert into score(esid, stuNum, score)
values (2, 202007010230, 79)
insert into score(esid, stuNum, score)
values (2, 202007010231, 66)
insert into score(esid, stuNum, score)
values (2, 202007010232, 78)
insert into score(esid, stuNum, score)
values (2, 202007010233, 72)
insert into score(esid, stuNum, score)
values (2, 202007010234, 78)
insert into score(esid, stuNum, score)
values (2, 202007010235, 87)
--计类英语考试
insert into score(esid, stuNum, score)
values (4, 202007010101, 14)
insert into score(esid, stuNum, score)
values (4, 202007010102, 69)
insert into score(esid, stuNum, score)
values (4, 202007010103, 89)
insert into score(esid, stuNum, score)
values (4, 202007010104, 73)
insert into score(esid, stuNum, score)
values (4, 202007010105, 70)
insert into score(esid, stuNum, score)
values (4, 202007010106, 70)
insert into score(esid, stuNum, score)
values (4, 202007010107, 97)
insert into score(esid, stuNum, score)
values (4, 202007010108, 66)
insert into score(esid, stuNum, score)
values (4, 202007010109, 74)
insert into score(esid, stuNum, score)
values (4, 202007010110, 71)
insert into score(esid, stuNum, score)
values (4, 202007010111, 80)
insert into score(esid, stuNum, score)
values (4, 202007010112, 91)
insert into score(esid, stuNum, score)
values (4, 202007010113, 75)
insert into score(esid, stuNum, score)
values (4, 202007010114, 83)
insert into score(esid, stuNum, score)
values (4, 202007010115, 77)
insert into score(esid, stuNum, score)
values (4, 202007010116, 76)
insert into score(esid, stuNum, score)
values (4, 202007010117, 96)
insert into score(esid, stuNum, score)
values (4, 202007010118, 83)
insert into score(esid, stuNum, score)
values (4, 202007010119, 97)
insert into score(esid, stuNum, score)
values (4, 202007010120, 72)
insert into score(esid, stuNum, score)
values (4, 202007010121, 71)
insert into score(esid, stuNum, score)
values (4, 202007010122, 63)
insert into score(esid, stuNum, score)
values (4, 202007010123, 64)
insert into score(esid, stuNum, score)
values (4, 202007010124, 77)
insert into score(esid, stuNum, score)
values (4, 202007010125, 90)
insert into score(esid, stuNum, score)
values (4, 202007010126, 75)
insert into score(esid, stuNum, score)
values (4, 202007010127, 81)
insert into score(esid, stuNum, score)
values (4, 202007010128, 65)
insert into score(esid, stuNum, score)
values (4, 202007010129, 85)
insert into score(esid, stuNum, score)
values (4, 202007010130, 66)
insert into score(esid, stuNum, score)
values (4, 202007010131, 82)
insert into score(esid, stuNum, score)
values (4, 202007010132, 4)
insert into score(esid, stuNum, score)
values (4, 202007010133, 66)
insert into score(esid, stuNum, score)
values (4, 202007010134, 73)
insert into score(esid, stuNum, score)
values (4, 202007010135, 76)
insert into score(esid, stuNum, score)
values (4, 202007010201, 46)
insert into score(esid, stuNum, score)
values (4, 202007010202, 71)
insert into score(esid, stuNum, score)
values (4, 202007010203, 77)
insert into score(esid, stuNum, score)
values (4, 202007010204, 86)
insert into score(esid, stuNum, score)
values (4, 202007010205, 89)
insert into score(esid, stuNum, score)
values (4, 202007010206, 76)
insert into score(esid, stuNum, score)
values (4, 202007010207, 62)
insert into score(esid, stuNum, score)
values (4, 202007010208, 69)
insert into score(esid, stuNum, score)
values (4, 202007010209, 80)
insert into score(esid, stuNum, score)
values (4, 202007010210, 88)
insert into score(esid, stuNum, score)
values (4, 202007010211, 71)
insert into score(esid, stuNum, score)
values (4, 202007010212, 86)
insert into score(esid, stuNum, score)
values (4, 202007010213, 80)
insert into score(esid, stuNum, score)
values (4, 202007010214, 87)
insert into score(esid, stuNum, score)
values (4, 202007010215, 74)
insert into score(esid, stuNum, score)
values (4, 202007010216, 81)
insert into score(esid, stuNum, score)
values (4, 202007010217, 24)
insert into score(esid, stuNum, score)
values (4, 202007010218, 67)
insert into score(esid, stuNum, score)
values (4, 202007010219, 72)
insert into score(esid, stuNum, score)
values (4, 202007010220, 66)
insert into score(esid, stuNum, score)
values (4, 202007010221, 79)
insert into score(esid, stuNum, score)
values (4, 202007010222, 70)
insert into score(esid, stuNum, score)
values (4, 202007010223, 78)
insert into score(esid, stuNum, score)
values (4, 202007010224, 74)
insert into score(esid, stuNum, score)
values (4, 202007010225, 73)
insert into score(esid, stuNum, score)
values (4, 202007010226, 96)
insert into score(esid, stuNum, score)
values (4, 202007010227, 72)
insert into score(esid, stuNum, score)
values (4, 202007010228, 16)
insert into score(esid, stuNum, score)
values (4, 202007010229, 91)
insert into score(esid, stuNum, score)
values (4, 202007010230, 77)
insert into score(esid, stuNum, score)
values (4, 202007010231, 78)
insert into score(esid, stuNum, score)
values (4, 202007010232, 82)
insert into score(esid, stuNum, score)
values (4, 202007010233, 58)
insert into score(esid, stuNum, score)
values (4, 202007010234, 100)
insert into score(esid, stuNum, score)
values (4, 202007010235, 54)
--通信1,2班 C语言考试
insert into score(esid, stuNum, score)
values (6, 202007020101, 65)
insert into score(esid, stuNum, score)
values (6, 202007020102, 74)
insert into score(esid, stuNum, score)
values (6, 202007020103, 100)
insert into score(esid, stuNum, score)
values (6, 202007020104, 98)
insert into score(esid, stuNum, score)
values (6, 202007020105, 94)
insert into score(esid, stuNum, score)
values (6, 202007020106, 72)
insert into score(esid, stuNum, score)
values (6, 202007020107, 72)
insert into score(esid, stuNum, score)
values (6, 202007020108, 92)
insert into score(esid, stuNum, score)
values (6, 202007020109, 71)
insert into score(esid, stuNum, score)
values (6, 202007020110, 71)
insert into score(esid, stuNum, score)
values (6, 202007020111, 65)
insert into score(esid, stuNum, score)
values (6, 202007020112, 72)
insert into score(esid, stuNum, score)
values (6, 202007020113, 76)
insert into score(esid, stuNum, score)
values (6, 202007020114, 75)
insert into score(esid, stuNum, score)
values (6, 202007020115, 60)
insert into score(esid, stuNum, score)
values (6, 202007020116, 66)
insert into score(esid, stuNum, score)
values (6, 202007020117, 91)
insert into score(esid, stuNum, score)
values (6, 202007020118, 80)
insert into score(esid, stuNum, score)
values (6, 202007020119, 80)
insert into score(esid, stuNum, score)
values (6, 202007020120, 20)
insert into score(esid, stuNum, score)
values (6, 202007020121, 70)
insert into score(esid, stuNum, score)
values (6, 202007020122, 65)
insert into score(esid, stuNum, score)
values (6, 202007020123, 74)
insert into score(esid, stuNum, score)
values (6, 202007020124, 84)
insert into score(esid, stuNum, score)
values (6, 202007020125, 89)
insert into score(esid, stuNum, score)
values (6, 202007020126, 60)
insert into score(esid, stuNum, score)
values (6, 202007020127, 72)
insert into score(esid, stuNum, score)
values (6, 202007020128, 61)
insert into score(esid, stuNum, score)
values (6, 202007020129, 84)
insert into score(esid, stuNum, score)
values (6, 202007020130, 60)
insert into score(esid, stuNum, score)
values (6, 202007020131, 88)
insert into score(esid, stuNum, score)
values (6, 202007020132, 84)
insert into score(esid, stuNum, score)
values (6, 202007020133, 69)
insert into score(esid, stuNum, score)
values (6, 202007020134, 62)
insert into score(esid, stuNum, score)
values (6, 202007020135, 62)
insert into score(esid, stuNum, score)
values (6, 202007020201, 82)
insert into score(esid, stuNum, score)
values (6, 202007020202, 89)
insert into score(esid, stuNum, score)
values (6, 202007020203, 60)
insert into score(esid, stuNum, score)
values (6, 202007020204, 83)
insert into score(esid, stuNum, score)
values (6, 202007020205, 62)
insert into score(esid, stuNum, score)
values (6, 202007020206, 44)
insert into score(esid, stuNum, score)
values (6, 202007020207, 82)
insert into score(esid, stuNum, score)
values (6, 202007020208, 72)
insert into score(esid, stuNum, score)
values (6, 202007020209, 77)
insert into score(esid, stuNum, score)
values (6, 202007020210, 68)
insert into score(esid, stuNum, score)
values (6, 202007020211, 14)
insert into score(esid, stuNum, score)
values (6, 202007020212, 79)
insert into score(esid, stuNum, score)
values (6, 202007020213, 69)
insert into score(esid, stuNum, score)
values (6, 202007020214, 74)
insert into score(esid, stuNum, score)
values (6, 202007020215, 67)
insert into score(esid, stuNum, score)
values (6, 202007020216, 74)
insert into score(esid, stuNum, score)
values (6, 202007020217, 68)
insert into score(esid, stuNum, score)
values (6, 202007020218, 94)
insert into score(esid, stuNum, score)
values (6, 202007020219, 79)
insert into score(esid, stuNum, score)
values (6, 202007020220, 74)
insert into score(esid, stuNum, score)
values (6, 202007020221, 66)
insert into score(esid, stuNum, score)
values (6, 202007020222, 65)
insert into score(esid, stuNum, score)
values (6, 202007020223, 65)
insert into score(esid, stuNum, score)
values (6, 202007020224, 71)
insert into score(esid, stuNum, score)
values (6, 202007020225, 5)
insert into score(esid, stuNum, score)
values (6, 202007020226, 63)
insert into score(esid, stuNum, score)
values (6, 202007020227, 76)
insert into score(esid, stuNum, score)
values (6, 202007020228, 90)
insert into score(esid, stuNum, score)
values (6, 202007020229, 74)
insert into score(esid, stuNum, score)
values (6, 202007020230, 68)
insert into score(esid, stuNum, score)
values (6, 202007020231, 77)
insert into score(esid, stuNum, score)
values (6, 202007020232, 91)
insert into score(esid, stuNum, score)
values (6, 202007020233, 79)
insert into score(esid, stuNum, score)
values (6, 202007020234, 61)
insert into score(esid, stuNum, score)
values (6, 202007020235, 60)
--通信1,2班 英语考试
insert into score(esid, stuNum, score)
values (9, 202007020101, 60)
insert into score(esid, stuNum, score)
values (9, 202007020102, 89)
insert into score(esid, stuNum, score)
values (9, 202007020103, 89)
insert into score(esid, stuNum, score)
values (9, 202007020104, 73)
insert into score(esid, stuNum, score)
values (9, 202007020105, 76)
insert into score(esid, stuNum, score)
values (9, 202007020106, 75)
insert into score(esid, stuNum, score)
values (9, 202007020107, 96)
insert into score(esid, stuNum, score)
values (9, 202007020108, 31)
insert into score(esid, stuNum, score)
values (9, 202007020109, 65)
insert into score(esid, stuNum, score)
values (9, 202007020110, 95)
insert into score(esid, stuNum, score)
values (9, 202007020111, 66)
insert into score(esid, stuNum, score)
values (9, 202007020112, 75)
insert into score(esid, stuNum, score)
values (9, 202007020113, 75)
insert into score(esid, stuNum, score)
values (9, 202007020114, 73)
insert into score(esid, stuNum, score)
values (9, 202007020115, 63)
insert into score(esid, stuNum, score)
values (9, 202007020116, 66)
insert into score(esid, stuNum, score)
values (9, 202007020117, 12)
insert into score(esid, stuNum, score)
values (9, 202007020118, 66)
insert into score(esid, stuNum, score)
values (9, 202007020119, 70)
insert into score(esid, stuNum, score)
values (9, 202007020120, 74)
insert into score(esid, stuNum, score)
values (9, 202007020121, 73)
insert into score(esid, stuNum, score)
values (9, 202007020122, 77)
insert into score(esid, stuNum, score)
values (9, 202007020123, 91)
insert into score(esid, stuNum, score)
values (9, 202007020124, 69)
insert into score(esid, stuNum, score)
values (9, 202007020125, 80)
insert into score(esid, stuNum, score)
values (9, 202007020126, 72)
insert into score(esid, stuNum, score)
values (9, 202007020127, 61)
insert into score(esid, stuNum, score)
values (9, 202007020128, 77)
insert into score(esid, stuNum, score)
values (9, 202007020129, 78)
insert into score(esid, stuNum, score)
values (9, 202007020130, 5)
insert into score(esid, stuNum, score)
values (9, 202007020131, 77)
insert into score(esid, stuNum, score)
values (9, 202007020132, 66)
insert into score(esid, stuNum, score)
values (9, 202007020133, 19)
insert into score(esid, stuNum, score)
values (9, 202007020134, 79)
insert into score(esid, stuNum, score)
values (9, 202007020135, 62)
insert into score(esid, stuNum, score)
values (9, 202007020201, 75)
insert into score(esid, stuNum, score)
values (9, 202007020202, 34)
insert into score(esid, stuNum, score)
values (9, 202007020203, 66)
insert into score(esid, stuNum, score)
values (9, 202007020204, 64)
insert into score(esid, stuNum, score)
values (9, 202007020205, 5)
insert into score(esid, stuNum, score)
values (9, 202007020206, 70)
insert into score(esid, stuNum, score)
values (9, 202007020207, 74)
insert into score(esid, stuNum, score)
values (9, 202007020208, 30)
insert into score(esid, stuNum, score)
values (9, 202007020209, 65)
insert into score(esid, stuNum, score)
values (9, 202007020210, 94)
insert into score(esid, stuNum, score)
values (9, 202007020211, 64)
insert into score(esid, stuNum, score)
values (9, 202007020212, 85)
insert into score(esid, stuNum, score)
values (9, 202007020213, 80)
insert into score(esid, stuNum, score)
values (9, 202007020214, 83)
insert into score(esid, stuNum, score)
values (9, 202007020215, 58)
insert into score(esid, stuNum, score)
values (9, 202007020216, 75)
insert into score(esid, stuNum, score)
values (9, 202007020217, 74)
insert into score(esid, stuNum, score)
values (9, 202007020218, 70)
insert into score(esid, stuNum, score)
values (9, 202007020219, 68)
insert into score(esid, stuNum, score)
values (9, 202007020220, 72)
insert into score(esid, stuNum, score)
values (9, 202007020221, 60)
insert into score(esid, stuNum, score)
values (9, 202007020222, 91)
insert into score(esid, stuNum, score)
values (9, 202007020223, 95)
insert into score(esid, stuNum, score)
values (9, 202007020224, 66)
insert into score(esid, stuNum, score)
values (9, 202007020225, 76)
insert into score(esid, stuNum, score)
values (9, 202007020226, 97)
insert into score(esid, stuNum, score)
values (9, 202007020227, 69)
insert into score(esid, stuNum, score)
values (9, 202007020228, 80)
insert into score(esid, stuNum, score)
values (9, 202007020229, 56)
insert into score(esid, stuNum, score)
values (9, 202007020230, 31)
insert into score(esid, stuNum, score)
values (9, 202007020231, 65)
insert into score(esid, stuNum, score)
values (9, 202007020232, 67)
insert into score(esid, stuNum, score)
values (9, 202007020233, 82)
insert into score(esid, stuNum, score)
values (9, 202007020234, 86)
insert into score(esid, stuNum, score)
values (9, 202007020235, 72)
--通信3,4班 英语考试
insert into score(esid, stuNum, score)
values (10, 202007020301, 10)
insert into score(esid, stuNum, score)
values (10, 202007020302, 55)
insert into score(esid, stuNum, score)
values (10, 202007020303, 60)
insert into score(esid, stuNum, score)
values (10, 202007020304, 65)
insert into score(esid, stuNum, score)
values (10, 202007020305, 91)
insert into score(esid, stuNum, score)
values (10, 202007020306, 85)
insert into score(esid, stuNum, score)
values (10, 202007020307, 53)
insert into score(esid, stuNum, score)
values (10, 202007020308, 67)
insert into score(esid, stuNum, score)
values (10, 202007020309, 87)
insert into score(esid, stuNum, score)
values (10, 202007020310, 84)
insert into score(esid, stuNum, score)
values (10, 202007020311, 76)
insert into score(esid, stuNum, score)
values (10, 202007020312, 55)
insert into score(esid, stuNum, score)
values (10, 202007020313, 94)
insert into score(esid, stuNum, score)
values (10, 202007020314, 93)
insert into score(esid, stuNum, score)
values (10, 202007020315, 75)
insert into score(esid, stuNum, score)
values (10, 202007020316, 77)
insert into score(esid, stuNum, score)
values (10, 202007020317, 90)
insert into score(esid, stuNum, score)
values (10, 202007020318, 67)
insert into score(esid, stuNum, score)
values (10, 202007020319, 76)
insert into score(esid, stuNum, score)
values (10, 202007020320, 81)
insert into score(esid, stuNum, score)
values (10, 202007020321, 15)
insert into score(esid, stuNum, score)
values (10, 202007020322, 98)
insert into score(esid, stuNum, score)
values (10, 202007020323, 2)
insert into score(esid, stuNum, score)
values (10, 202007020324, 71)
insert into score(esid, stuNum, score)
values (10, 202007020325, 67)
insert into score(esid, stuNum, score)
values (10, 202007020326, 95)
insert into score(esid, stuNum, score)
values (10, 202007020327, 76)
insert into score(esid, stuNum, score)
values (10, 202007020328, 70)
insert into score(esid, stuNum, score)
values (10, 202007020329, 76)
insert into score(esid, stuNum, score)
values (10, 202007020330, 63)
insert into score(esid, stuNum, score)
values (10, 202007020331, 64)
insert into score(esid, stuNum, score)
values (10, 202007020332, 60)
insert into score(esid, stuNum, score)
values (10, 202007020333, 91)
insert into score(esid, stuNum, score)
values (10, 202007020334, 60)
insert into score(esid, stuNum, score)
values (10, 202007020335, 96)
insert into score(esid, stuNum, score)
values (10, 202007020401, 94)
insert into score(esid, stuNum, score)
values (10, 202007020402, 76)
insert into score(esid, stuNum, score)
values (10, 202007020403, 77)
insert into score(esid, stuNum, score)
values (10, 202007020404, 31)
insert into score(esid, stuNum, score)
values (10, 202007020405, 89)
insert into score(esid, stuNum, score)
values (10, 202007020406, 87)
insert into score(esid, stuNum, score)
values (10, 202007020407, 87)
insert into score(esid, stuNum, score)
values (10, 202007020408, 91)
insert into score(esid, stuNum, score)
values (10, 202007020409, 79)
insert into score(esid, stuNum, score)
values (10, 202007020410, 4)
insert into score(esid, stuNum, score)
values (10, 202007020411, 75)
insert into score(esid, stuNum, score)
values (10, 202007020412, 21)
insert into score(esid, stuNum, score)
values (10, 202007020413, 82)
insert into score(esid, stuNum, score)
values (10, 202007020414, 68)
insert into score(esid, stuNum, score)
values (10, 202007020415, 81)
insert into score(esid, stuNum, score)
values (10, 202007020416, 47)
insert into score(esid, stuNum, score)
values (10, 202007020417, 63)
insert into score(esid, stuNum, score)
values (10, 202007020418, 91)
insert into score(esid, stuNum, score)
values (10, 202007020419, 100)
insert into score(esid, stuNum, score)
values (10, 202007020420, 79)
insert into score(esid, stuNum, score)
values (10, 202007020421, 78)
insert into score(esid, stuNum, score)
values (10, 202007020422, 72)
insert into score(esid, stuNum, score)
values (10, 202007020423, 77)
insert into score(esid, stuNum, score)
values (10, 202007020424, 99)
insert into score(esid, stuNum, score)
values (10, 202007020425, 90)
insert into score(esid, stuNum, score)
values (10, 202007020426, 95)
insert into score(esid, stuNum, score)
values (10, 202007020427, 65)
insert into score(esid, stuNum, score)
values (10, 202007020428, 72)
insert into score(esid, stuNum, score)
values (10, 202007020429, 67)
insert into score(esid, stuNum, score)
values (10, 202007020430, 98)
insert into score(esid, stuNum, score)
values (10, 202007020431, 69)
insert into score(esid, stuNum, score)
values (10, 202007020432, 70)
insert into score(esid, stuNum, score)
values (10, 202007020433, 51)
insert into score(esid, stuNum, score)
values (10, 202007020434, 75)
insert into score(esid, stuNum, score)
values (10, 202007020435, 24)
--通信3,4班 C语言考试
insert into score(esid, stuNum, score)
values (7, 202007020301, 78)
insert into score(esid, stuNum, score)
values (7, 202007020302, 76)
insert into score(esid, stuNum, score)
values (7, 202007020303, 85)
insert into score(esid, stuNum, score)
values (7, 202007020304, 11)
insert into score(esid, stuNum, score)
values (7, 202007020305, 84)
insert into score(esid, stuNum, score)
values (7, 202007020306, 96)
insert into score(esid, stuNum, score)
values (7, 202007020307, 66)
insert into score(esid, stuNum, score)
values (7, 202007020308, 97)
insert into score(esid, stuNum, score)
values (7, 202007020309, 75)
insert into score(esid, stuNum, score)
values (7, 202007020310, 49)
insert into score(esid, stuNum, score)
values (7, 202007020311, 93)
insert into score(esid, stuNum, score)
values (7, 202007020312, 31)
insert into score(esid, stuNum, score)
values (7, 202007020313, 70)
insert into score(esid, stuNum, score)
values (7, 202007020314, 62)
insert into score(esid, stuNum, score)
values (7, 202007020315, 72)
insert into score(esid, stuNum, score)
values (7, 202007020316, 66)
insert into score(esid, stuNum, score)
values (7, 202007020317, 64)
insert into score(esid, stuNum, score)
values (7, 202007020318, 64)
insert into score(esid, stuNum, score)
values (7, 202007020319, 42)
insert into score(esid, stuNum, score)
values (7, 202007020320, 61)
insert into score(esid, stuNum, score)
values (7, 202007020321, 74)
insert into score(esid, stuNum, score)
values (7, 202007020322, 35)
insert into score(esid, stuNum, score)
values (7, 202007020323, 67)
insert into score(esid, stuNum, score)
values (7, 202007020324, 76)
insert into score(esid, stuNum, score)
values (7, 202007020325, 75)
insert into score(esid, stuNum, score)
values (7, 202007020326, 74)
insert into score(esid, stuNum, score)
values (7, 202007020327, 79)
insert into score(esid, stuNum, score)
values (7, 202007020328, 60)
insert into score(esid, stuNum, score)
values (7, 202007020329, 72)
insert into score(esid, stuNum, score)
values (7, 202007020330, 9)
insert into score(esid, stuNum, score)
values (7, 202007020331, 70)
insert into score(esid, stuNum, score)
values (7, 202007020332, 44)
insert into score(esid, stuNum, score)
values (7, 202007020333, 91)
insert into score(esid, stuNum, score)
values (7, 202007020334, 72)
insert into score(esid, stuNum, score)
values (7, 202007020335, 43)
insert into score(esid, stuNum, score)
values (7, 202007020401, 93)
insert into score(esid, stuNum, score)
values (7, 202007020402, 66)
insert into score(esid, stuNum, score)
values (7, 202007020403, 75)
insert into score(esid, stuNum, score)
values (7, 202007020404, 79)
insert into score(esid, stuNum, score)
values (7, 202007020405, 86)
insert into score(esid, stuNum, score)
values (7, 202007020406, 91)
insert into score(esid, stuNum, score)
values (7, 202007020407, 69)
insert into score(esid, stuNum, score)
values (7, 202007020408, 63)
insert into score(esid, stuNum, score)
values (7, 202007020409, 63)
insert into score(esid, stuNum, score)
values (7, 202007020410, 74)
insert into score(esid, stuNum, score)
values (7, 202007020411, 71)
insert into score(esid, stuNum, score)
values (7, 202007020412, 63)
insert into score(esid, stuNum, score)
values (7, 202007020413, 64)
insert into score(esid, stuNum, score)
values (7, 202007020414, 60)
insert into score(esid, stuNum, score)
values (7, 202007020415, 78)
insert into score(esid, stuNum, score)
values (7, 202007020416, 70)
insert into score(esid, stuNum, score)
values (7, 202007020417, 70)
insert into score(esid, stuNum, score)
values (7, 202007020418, 85)
insert into score(esid, stuNum, score)
values (7, 202007020419, 62)
insert into score(esid, stuNum, score)
values (7, 202007020420, 78)
insert into score(esid, stuNum, score)
values (7, 202007020421, 74)
insert into score(esid, stuNum, score)
values (7, 202007020422, 100)
insert into score(esid, stuNum, score)
values (7, 202007020423, 95)
insert into score(esid, stuNum, score)
values (7, 202007020424, 91)
insert into score(esid, stuNum, score)
values (7, 202007020425, 63)
insert into score(esid, stuNum, score)
values (7, 202007020426, 28)
insert into score(esid, stuNum, score)
values (7, 202007020427, 92)
insert into score(esid, stuNum, score)
values (7, 202007020428, 94)
insert into score(esid, stuNum, score)
values (7, 202007020429, 89)
insert into score(esid, stuNum, score)
values (7, 202007020430, 90)
insert into score(esid, stuNum, score)
values (7, 202007020431, 85)
insert into score(esid, stuNum, score)
values (7, 202007020432, 94)
insert into score(esid, stuNum, score)
values (7, 202007020433, 91)
insert into score(esid, stuNum, score)
values (7, 202007020434, 77)
insert into score(esid, stuNum, score)
values (7, 202007020435, 94)
--通信5,6班 C语言考试
insert into score(esid, stuNum, score)
values (8, 202007020501, 88)
insert into score(esid, stuNum, score)
values (8, 202007020502, 93)
insert into score(esid, stuNum, score)
values (8, 202007020503, 98)
insert into score(esid, stuNum, score)
values (8, 202007020504, 78)
insert into score(esid, stuNum, score)
values (8, 202007020505, 89)
insert into score(esid, stuNum, score)
values (8, 202007020506, 75)
insert into score(esid, stuNum, score)
values (8, 202007020507, 76)
insert into score(esid, stuNum, score)
values (8, 202007020508, 84)
insert into score(esid, stuNum, score)
values (8, 202007020509, 25)
insert into score(esid, stuNum, score)
values (8, 202007020510, 100)
insert into score(esid, stuNum, score)
values (8, 202007020511, 86)
insert into score(esid, stuNum, score)
values (8, 202007020512, 96)
insert into score(esid, stuNum, score)
values (8, 202007020513, 77)
insert into score(esid, stuNum, score)
values (8, 202007020514, 74)
insert into score(esid, stuNum, score)
values (8, 202007020515, 64)
insert into score(esid, stuNum, score)
values (8, 202007020516, 79)
insert into score(esid, stuNum, score)
values (8, 202007020517, 93)
insert into score(esid, stuNum, score)
values (8, 202007020518, 91)
insert into score(esid, stuNum, score)
values (8, 202007020519, 84)
insert into score(esid, stuNum, score)
values (8, 202007020520, 93)
insert into score(esid, stuNum, score)
values (8, 202007020521, 76)
insert into score(esid, stuNum, score)
values (8, 202007020522, 80)
insert into score(esid, stuNum, score)
values (8, 202007020523, 17)
insert into score(esid, stuNum, score)
values (8, 202007020524, 94)
insert into score(esid, stuNum, score)
values (8, 202007020525, 97)
insert into score(esid, stuNum, score)
values (8, 202007020526, 82)
insert into score(esid, stuNum, score)
values (8, 202007020527, 69)
insert into score(esid, stuNum, score)
values (8, 202007020528, 80)
insert into score(esid, stuNum, score)
values (8, 202007020529, 64)
insert into score(esid, stuNum, score)
values (8, 202007020530, 27)
insert into score(esid, stuNum, score)
values (8, 202007020531, 92)
insert into score(esid, stuNum, score)
values (8, 202007020532, 77)
insert into score(esid, stuNum, score)
values (8, 202007020533, 82)
insert into score(esid, stuNum, score)
values (8, 202007020534, 61)
insert into score(esid, stuNum, score)
values (8, 202007020535, 77)
insert into score(esid, stuNum, score)
values (8, 202007020601, 77)
insert into score(esid, stuNum, score)
values (8, 202007020602, 82)
insert into score(esid, stuNum, score)
values (8, 202007020603, 95)
insert into score(esid, stuNum, score)
values (8, 202007020604, 64)
insert into score(esid, stuNum, score)
values (8, 202007020605, 20)
insert into score(esid, stuNum, score)
values (8, 202007020606, 90)
insert into score(esid, stuNum, score)
values (8, 202007020607, 89)
insert into score(esid, stuNum, score)
values (8, 202007020608, 94)
insert into score(esid, stuNum, score)
values (8, 202007020609, 6)
insert into score(esid, stuNum, score)
values (8, 202007020610, 100)
insert into score(esid, stuNum, score)
values (8, 202007020611, 82)
insert into score(esid, stuNum, score)
values (8, 202007020612, 68)
insert into score(esid, stuNum, score)
values (8, 202007020613, 87)
insert into score(esid, stuNum, score)
values (8, 202007020614, 43)
insert into score(esid, stuNum, score)
values (8, 202007020615, 69)
insert into score(esid, stuNum, score)
values (8, 202007020616, 61)
insert into score(esid, stuNum, score)
values (8, 202007020617, 74)
insert into score(esid, stuNum, score)
values (8, 202007020618, 80)
insert into score(esid, stuNum, score)
values (8, 202007020619, 85)
insert into score(esid, stuNum, score)
values (8, 202007020620, 83)
insert into score(esid, stuNum, score)
values (8, 202007020621, 99)
insert into score(esid, stuNum, score)
values (8, 202007020622, 8)
insert into score(esid, stuNum, score)
values (8, 202007020623, 64)
insert into score(esid, stuNum, score)
values (8, 202007020624, 62)
insert into score(esid, stuNum, score)
values (8, 202007020625, 40)
insert into score(esid, stuNum, score)
values (8, 202007020626, 66)
insert into score(esid, stuNum, score)
values (8, 202007020627, 38)
insert into score(esid, stuNum, score)
values (8, 202007020628, 0)
insert into score(esid, stuNum, score)
values (8, 202007020629, 1)
insert into score(esid, stuNum, score)
values (8, 202007020630, 71)
insert into score(esid, stuNum, score)
values (8, 202007020631, 86)
insert into score(esid, stuNum, score)
values (8, 202007020632, 76)
insert into score(esid, stuNum, score)
values (8, 202007020633, 51)
insert into score(esid, stuNum, score)
values (8, 202007020634, 69)
insert into score(esid, stuNum, score)
values (8, 202007020635, 76)
--通信5,6班 英语考试
insert into score(esid, stuNum, score)
values (11, 202007020501, 5)
insert into score(esid, stuNum, score)
values (11, 202007020502, 92)
insert into score(esid, stuNum, score)
values (11, 202007020503, 69)
insert into score(esid, stuNum, score)
values (11, 202007020504, 70)
insert into score(esid, stuNum, score)
values (11, 202007020505, 89)
insert into score(esid, stuNum, score)
values (11, 202007020506, 21)
insert into score(esid, stuNum, score)
values (11, 202007020507, 80)
insert into score(esid, stuNum, score)
values (11, 202007020508, 93)
insert into score(esid, stuNum, score)
values (11, 202007020509, 97)
insert into score(esid, stuNum, score)
values (11, 202007020510, 78)
insert into score(esid, stuNum, score)
values (11, 202007020511, 80)
insert into score(esid, stuNum, score)
values (11, 202007020512, 71)
insert into score(esid, stuNum, score)
values (11, 202007020513, 63)
insert into score(esid, stuNum, score)
values (11, 202007020514, 95)
insert into score(esid, stuNum, score)
values (11, 202007020515, 67)
insert into score(esid, stuNum, score)
values (11, 202007020516, 88)
insert into score(esid, stuNum, score)
values (11, 202007020517, 77)
insert into score(esid, stuNum, score)
values (11, 202007020518, 66)
insert into score(esid, stuNum, score)
values (11, 202007020519, 66)
insert into score(esid, stuNum, score)
values (11, 202007020520, 95)
insert into score(esid, stuNum, score)
values (11, 202007020521, 23)
insert into score(esid, stuNum, score)
values (11, 202007020522, 84)
insert into score(esid, stuNum, score)
values (11, 202007020523, 40)
insert into score(esid, stuNum, score)
values (11, 202007020524, 73)
insert into score(esid, stuNum, score)
values (11, 202007020525, 97)
insert into score(esid, stuNum, score)
values (11, 202007020526, 80)
insert into score(esid, stuNum, score)
values (11, 202007020527, 3)
insert into score(esid, stuNum, score)
values (11, 202007020528, 74)
insert into score(esid, stuNum, score)
values (11, 202007020529, 85)
insert into score(esid, stuNum, score)
values (11, 202007020530, 5)
insert into score(esid, stuNum, score)
values (11, 202007020531, 99)
insert into score(esid, stuNum, score)
values (11, 202007020532, 23)
insert into score(esid, stuNum, score)
values (11, 202007020533, 67)
insert into score(esid, stuNum, score)
values (11, 202007020534, 90)
insert into score(esid, stuNum, score)
values (11, 202007020535, 63)
insert into score(esid, stuNum, score)
values (11, 202007020601, 73)
insert into score(esid, stuNum, score)
values (11, 202007020602, 88)
insert into score(esid, stuNum, score)
values (11, 202007020603, 76)
insert into score(esid, stuNum, score)
values (11, 202007020604, 6)
insert into score(esid, stuNum, score)
values (11, 202007020605, 67)
insert into score(esid, stuNum, score)
values (11, 202007020606, 68)
insert into score(esid, stuNum, score)
values (11, 202007020607, 81)
insert into score(esid, stuNum, score)
values (11, 202007020608, 49)
insert into score(esid, stuNum, score)
values (11, 202007020609, 84)
insert into score(esid, stuNum, score)
values (11, 202007020610, 90)
insert into score(esid, stuNum, score)
values (11, 202007020611, 81)
insert into score(esid, stuNum, score)
values (11, 202007020612, 51)
insert into score(esid, stuNum, score)
values (11, 202007020613, 40)
insert into score(esid, stuNum, score)
values (11, 202007020614, 28)
insert into score(esid, stuNum, score)
values (11, 202007020615, 92)
insert into score(esid, stuNum, score)
values (11, 202007020616, 76)
insert into score(esid, stuNum, score)
values (11, 202007020617, 68)
insert into score(esid, stuNum, score)
values (11, 202007020618, 85)
insert into score(esid, stuNum, score)
values (11, 202007020619, 77)
insert into score(esid, stuNum, score)
values (11, 202007020620, 97)
insert into score(esid, stuNum, score)
values (11, 202007020621, 84)
insert into score(esid, stuNum, score)
values (11, 202007020622, 86)
insert into score(esid, stuNum, score)
values (11, 202007020623, 80)
insert into score(esid, stuNum, score)
values (11, 202007020624, 93)
insert into score(esid, stuNum, score)
values (11, 202007020625, 64)
insert into score(esid, stuNum, score)
values (11, 202007020626, 79)
insert into score(esid, stuNum, score)
values (11, 202007020627, 72)
insert into score(esid, stuNum, score)
values (11, 202007020628, 78)
insert into score(esid, stuNum, score)
values (11, 202007020629, 69)
insert into score(esid, stuNum, score)
values (11, 202007020630, 98)
insert into score(esid, stuNum, score)
values (11, 202007020631, 76)
insert into score(esid, stuNum, score)
values (11, 202007020632, 79)
insert into score(esid, stuNum, score)
values (11, 202007020633, 93)
insert into score(esid, stuNum, score)
values (11, 202007020634, 59)
insert into score(esid, stuNum, score)
values (11, 202007020635, 100)
--数科1,2班 英语考试
insert into score(esid, stuNum, score)
values (12, 202007030101, 79)
insert into score(esid, stuNum, score)
values (12, 202007030102, 94)
insert into score(esid, stuNum, score)
values (12, 202007030103, 97)
insert into score(esid, stuNum, score)
values (12, 202007030104, 72)
insert into score(esid, stuNum, score)
values (12, 202007030105, 53)
insert into score(esid, stuNum, score)
values (12, 202007030106, 67)
insert into score(esid, stuNum, score)
values (12, 202007030107, 71)
insert into score(esid, stuNum, score)
values (12, 202007030108, 76)
insert into score(esid, stuNum, score)
values (12, 202007030109, 92)
insert into score(esid, stuNum, score)
values (12, 202007030110, 45)
insert into score(esid, stuNum, score)
values (12, 202007030111, 81)
insert into score(esid, stuNum, score)
values (12, 202007030112, 36)
insert into score(esid, stuNum, score)
values (12, 202007030113, 69)
insert into score(esid, stuNum, score)
values (12, 202007030114, 76)
insert into score(esid, stuNum, score)
values (12, 202007030115, 95)
insert into score(esid, stuNum, score)
values (12, 202007030116, 90)
insert into score(esid, stuNum, score)
values (12, 202007030117, 52)
insert into score(esid, stuNum, score)
values (12, 202007030118, 80)
insert into score(esid, stuNum, score)
values (12, 202007030119, 81)
insert into score(esid, stuNum, score)
values (12, 202007030120, 78)
insert into score(esid, stuNum, score)
values (12, 202007030121, 63)
insert into score(esid, stuNum, score)
values (12, 202007030122, 26)
insert into score(esid, stuNum, score)
values (12, 202007030123, 24)
insert into score(esid, stuNum, score)
values (12, 202007030124, 72)
insert into score(esid, stuNum, score)
values (12, 202007030125, 78)
insert into score(esid, stuNum, score)
values (12, 202007030126, 74)
insert into score(esid, stuNum, score)
values (12, 202007030127, 59)
insert into score(esid, stuNum, score)
values (12, 202007030128, 67)
insert into score(esid, stuNum, score)
values (12, 202007030129, 70)
insert into score(esid, stuNum, score)
values (12, 202007030130, 72)
insert into score(esid, stuNum, score)
values (12, 202007030131, 63)
insert into score(esid, stuNum, score)
values (12, 202007030132, 62)
insert into score(esid, stuNum, score)
values (12, 202007030133, 47)
insert into score(esid, stuNum, score)
values (12, 202007030134, 91)
insert into score(esid, stuNum, score)
values (12, 202007030135, 77)
insert into score(esid, stuNum, score)
values (12, 202007030201, 73)
insert into score(esid, stuNum, score)
values (12, 202007030202, 35)
insert into score(esid, stuNum, score)
values (12, 202007030203, 88)
insert into score(esid, stuNum, score)
values (12, 202007030204, 68)
insert into score(esid, stuNum, score)
values (12, 202007030205, 76)
insert into score(esid, stuNum, score)
values (12, 202007030206, 93)
insert into score(esid, stuNum, score)
values (12, 202007030207, 72)
insert into score(esid, stuNum, score)
values (12, 202007030208, 51)
insert into score(esid, stuNum, score)
values (12, 202007030209, 84)
insert into score(esid, stuNum, score)
values (12, 202007030210, 70)
insert into score(esid, stuNum, score)
values (12, 202007030211, 76)
insert into score(esid, stuNum, score)
values (12, 202007030212, 62)
insert into score(esid, stuNum, score)
values (12, 202007030213, 93)
insert into score(esid, stuNum, score)
values (12, 202007030214, 99)
insert into score(esid, stuNum, score)
values (12, 202007030215, 74)
insert into score(esid, stuNum, score)
values (12, 202007030216, 77)
insert into score(esid, stuNum, score)
values (12, 202007030217, 61)
insert into score(esid, stuNum, score)
values (12, 202007030218, 99)
insert into score(esid, stuNum, score)
values (12, 202007030219, 78)
insert into score(esid, stuNum, score)
values (12, 202007030220, 68)
insert into score(esid, stuNum, score)
values (12, 202007030221, 92)
insert into score(esid, stuNum, score)
values (12, 202007030222, 97)
insert into score(esid, stuNum, score)
values (12, 202007030223, 80)
insert into score(esid, stuNum, score)
values (12, 202007030224, 63)
insert into score(esid, stuNum, score)
values (12, 202007030225, 60)
insert into score(esid, stuNum, score)
values (12, 202007030226, 15)
insert into score(esid, stuNum, score)
values (12, 202007030227, 63)
insert into score(esid, stuNum, score)
values (12, 202007030228, 3)
insert into score(esid, stuNum, score)
values (12, 202007030229, 67)
insert into score(esid, stuNum, score)
values (12, 202007030230, 55)
insert into score(esid, stuNum, score)
values (12, 202007030231, 93)
insert into score(esid, stuNum, score)
values (12, 202007030232, 95)
insert into score(esid, stuNum, score)
values (12, 202007030233, 69)
insert into score(esid, stuNum, score)
values (12, 202007030234, 38)
insert into score(esid, stuNum, score)
values (12, 202007030235, 92)
--数科1,2班 高数考试
insert into score(esid, stuNum, score)
values (15, 202007030101, 74)
insert into score(esid, stuNum, score)
values (15, 202007030102, 71)
insert into score(esid, stuNum, score)
values (15, 202007030103, 75)
insert into score(esid, stuNum, score)
values (15, 202007030104, 66)
insert into score(esid, stuNum, score)
values (15, 202007030105, 71)
insert into score(esid, stuNum, score)
values (15, 202007030106, 70)
insert into score(esid, stuNum, score)
values (15, 202007030107, 86)
insert into score(esid, stuNum, score)
values (15, 202007030108, 74)
insert into score(esid, stuNum, score)
values (15, 202007030109, 75)
insert into score(esid, stuNum, score)
values (15, 202007030110, 95)
insert into score(esid, stuNum, score)
values (15, 202007030111, 77)
insert into score(esid, stuNum, score)
values (15, 202007030112, 60)
insert into score(esid, stuNum, score)
values (15, 202007030113, 75)
insert into score(esid, stuNum, score)
values (15, 202007030114, 86)
insert into score(esid, stuNum, score)
values (15, 202007030115, 82)
insert into score(esid, stuNum, score)
values (15, 202007030116, 71)
insert into score(esid, stuNum, score)
values (15, 202007030117, 100)
insert into score(esid, stuNum, score)
values (15, 202007030118, 60)
insert into score(esid, stuNum, score)
values (15, 202007030119, 93)
insert into score(esid, stuNum, score)
values (15, 202007030120, 97)
insert into score(esid, stuNum, score)
values (15, 202007030121, 60)
insert into score(esid, stuNum, score)
values (15, 202007030122, 40)
insert into score(esid, stuNum, score)
values (15, 202007030123, 91)
insert into score(esid, stuNum, score)
values (15, 202007030124, 72)
insert into score(esid, stuNum, score)
values (15, 202007030125, 74)
insert into score(esid, stuNum, score)
values (15, 202007030126, 93)
insert into score(esid, stuNum, score)
values (15, 202007030127, 62)
insert into score(esid, stuNum, score)
values (15, 202007030128, 67)
insert into score(esid, stuNum, score)
values (15, 202007030129, 74)
insert into score(esid, stuNum, score)
values (15, 202007030130, 66)
insert into score(esid, stuNum, score)
values (15, 202007030131, 92)
insert into score(esid, stuNum, score)
values (15, 202007030132, 95)
insert into score(esid, stuNum, score)
values (15, 202007030133, 70)
insert into score(esid, stuNum, score)
values (15, 202007030134, 93)
insert into score(esid, stuNum, score)
values (15, 202007030135, 79)
insert into score(esid, stuNum, score)
values (15, 202007030201, 61)
insert into score(esid, stuNum, score)
values (15, 202007030202, 60)
insert into score(esid, stuNum, score)
values (15, 202007030203, 78)
insert into score(esid, stuNum, score)
values (15, 202007030204, 71)
insert into score(esid, stuNum, score)
values (15, 202007030205, 71)
insert into score(esid, stuNum, score)
values (15, 202007030206, 66)
insert into score(esid, stuNum, score)
values (15, 202007030207, 74)
insert into score(esid, stuNum, score)
values (15, 202007030208, 61)
insert into score(esid, stuNum, score)
values (15, 202007030209, 73)
insert into score(esid, stuNum, score)
values (15, 202007030210, 81)
insert into score(esid, stuNum, score)
values (15, 202007030211, 88)
insert into score(esid, stuNum, score)
values (15, 202007030212, 71)
insert into score(esid, stuNum, score)
values (15, 202007030213, 40)
insert into score(esid, stuNum, score)
values (15, 202007030214, 4)
insert into score(esid, stuNum, score)
values (15, 202007030215, 45)
insert into score(esid, stuNum, score)
values (15, 202007030216, 64)
insert into score(esid, stuNum, score)
values (15, 202007030217, 69)
insert into score(esid, stuNum, score)
values (15, 202007030218, 8)
insert into score(esid, stuNum, score)
values (15, 202007030219, 20)
insert into score(esid, stuNum, score)
values (15, 202007030220, 81)
insert into score(esid, stuNum, score)
values (15, 202007030221, 77)
insert into score(esid, stuNum, score)
values (15, 202007030222, 55)
insert into score(esid, stuNum, score)
values (15, 202007030223, 59)
insert into score(esid, stuNum, score)
values (15, 202007030224, 73)
insert into score(esid, stuNum, score)
values (15, 202007030225, 70)
insert into score(esid, stuNum, score)
values (15, 202007030226, 67)
insert into score(esid, stuNum, score)
values (15, 202007030227, 67)
insert into score(esid, stuNum, score)
values (15, 202007030228, 70)
insert into score(esid, stuNum, score)
values (15, 202007030229, 72)
insert into score(esid, stuNum, score)
values (15, 202007030230, 62)
insert into score(esid, stuNum, score)
values (15, 202007030231, 95)
insert into score(esid, stuNum, score)
values (15, 202007030232, 87)
insert into score(esid, stuNum, score)
values (15, 202007030233, 98)
insert into score(esid, stuNum, score)
values (15, 202007030234, 94)
insert into score(esid, stuNum, score)
values (15, 202007030235, 79)
--数科3班 高数考试
insert into score(esid, stuNum, score)
values (14, 202007030301, 77)
insert into score(esid, stuNum, score)
values (14, 202007030302, 60)
insert into score(esid, stuNum, score)
values (14, 202007030303, 71)
insert into score(esid, stuNum, score)
values (14, 202007030304, 100)
insert into score(esid, stuNum, score)
values (14, 202007030305, 77)
insert into score(esid, stuNum, score)
values (14, 202007030306, 73)
insert into score(esid, stuNum, score)
values (14, 202007030307, 67)
insert into score(esid, stuNum, score)
values (14, 202007030308, 68)
insert into score(esid, stuNum, score)
values (14, 202007030309, 91)
insert into score(esid, stuNum, score)
values (14, 202007030310, 78)
insert into score(esid, stuNum, score)
values (14, 202007030311, 46)
insert into score(esid, stuNum, score)
values (14, 202007030312, 70)
insert into score(esid, stuNum, score)
values (14, 202007030313, 20)
insert into score(esid, stuNum, score)
values (14, 202007030314, 76)
insert into score(esid, stuNum, score)
values (14, 202007030315, 74)
insert into score(esid, stuNum, score)
values (14, 202007030316, 100)
insert into score(esid, stuNum, score)
values (14, 202007030317, 60)
insert into score(esid, stuNum, score)
values (14, 202007030318, 73)
insert into score(esid, stuNum, score)
values (14, 202007030319, 62)
insert into score(esid, stuNum, score)
values (14, 202007030320, 49)
insert into score(esid, stuNum, score)
values (14, 202007030321, 99)
insert into score(esid, stuNum, score)
values (14, 202007030322, 27)
insert into score(esid, stuNum, score)
values (14, 202007030323, 40)
insert into score(esid, stuNum, score)
values (14, 202007030324, 75)
insert into score(esid, stuNum, score)
values (14, 202007030325, 67)
insert into score(esid, stuNum, score)
values (14, 202007030326, 89)
insert into score(esid, stuNum, score)
values (14, 202007030327, 86)
insert into score(esid, stuNum, score)
values (14, 202007030328, 64)
insert into score(esid, stuNum, score)
values (14, 202007030329, 70)
insert into score(esid, stuNum, score)
values (14, 202007030330, 99)
insert into score(esid, stuNum, score)
values (14, 202007030331, 74)
insert into score(esid, stuNum, score)
values (14, 202007030332, 68)
insert into score(esid, stuNum, score)
values (14, 202007030333, 7)
insert into score(esid, stuNum, score)
values (14, 202007030334, 88)
--数科3班 英语考试
insert into score(esid, stuNum, score)
values (13, 202007030301, 90)
insert into score(esid, stuNum, score)
values (13, 202007030302, 70)
insert into score(esid, stuNum, score)
values (13, 202007030303, 61)
insert into score(esid, stuNum, score)
values (13, 202007030304, 46)
insert into score(esid, stuNum, score)
values (13, 202007030305, 67)
insert into score(esid, stuNum, score)
values (13, 202007030306, 88)
insert into score(esid, stuNum, score)
values (13, 202007030307, 98)
insert into score(esid, stuNum, score)
values (13, 202007030308, 70)
insert into score(esid, stuNum, score)
values (13, 202007030309, 68)
insert into score(esid, stuNum, score)
values (13, 202007030310, 90)
insert into score(esid, stuNum, score)
values (13, 202007030311, 77)
insert into score(esid, stuNum, score)
values (13, 202007030312, 16)
insert into score(esid, stuNum, score)
values (13, 202007030313, 76)
insert into score(esid, stuNum, score)
values (13, 202007030314, 40)
insert into score(esid, stuNum, score)
values (13, 202007030315, 22)
insert into score(esid, stuNum, score)
values (13, 202007030316, 90)
insert into score(esid, stuNum, score)
values (13, 202007030317, 75)
insert into score(esid, stuNum, score)
values (13, 202007030318, 74)
insert into score(esid, stuNum, score)
values (13, 202007030319, 64)
insert into score(esid, stuNum, score)
values (13, 202007030320, 91)
insert into score(esid, stuNum, score)
values (13, 202007030321, 60)
insert into score(esid, stuNum, score)
values (13, 202007030322, 32)
insert into score(esid, stuNum, score)
values (13, 202007030323, 90)
insert into score(esid, stuNum, score)
values (13, 202007030324, 67)
insert into score(esid, stuNum, score)
values (13, 202007030325, 65)
insert into score(esid, stuNum, score)
values (13, 202007030326, 80)
insert into score(esid, stuNum, score)
values (13, 202007030327, 66)
insert into score(esid, stuNum, score)
values (13, 202007030328, 22)
insert into score(esid, stuNum, score)
values (13, 202007030329, 64)
insert into score(esid, stuNum, score)
values (13, 202007030330, 70)
insert into score(esid, stuNum, score)
values (13, 202007030331, 88)
insert into score(esid, stuNum, score)
values (13, 202007030332, 73)
insert into score(esid, stuNum, score)
values (13, 202007030333, 98)
insert into score(esid, stuNum, score)
values (13, 202007030334, 83)