/*
 Navicat Premium Data Transfer

 Source Server         : toMysql
 Source Server Type    : MySQL
 Source Server Version : 80019
 Source Host           : localhost:3306
 Source Schema         : pas

 Target Server Type    : MySQL
 Target Server Version : 80019
 File Encoding         : 65001

 Date: 25/01/2022 13:09:40
*/

SET NAMES utf8mb4;
SET FOREIGN_KEY_CHECKS = 0;

-- ----------------------------
-- Table structure for classinfo
-- ----------------------------
DROP TABLE IF EXISTS `classinfo`;
CREATE TABLE `classinfo`  (
  `clsId` int NOT NULL AUTO_INCREMENT,
  `clsName` char(10) CHARACTER SET utf8mb4 COLLATE utf8mb4_0900_ai_ci NOT NULL,
  `grade` datetime NOT NULL,
  `stuCount` int NOT NULL,
  `teaNum` char(8) CHARACTER SET utf8mb4 COLLATE utf8mb4_0900_ai_ci NOT NULL,
  `key1` varchar(20) CHARACTER SET utf8mb4 COLLATE utf8mb4_0900_ai_ci NULL DEFAULT NULL,
  `key2` int NULL DEFAULT NULL,
  PRIMARY KEY (`clsId`) USING BTREE,
  INDEX `FK_teacher_classInfo_teaNum`(`teaNum`) USING BTREE,
  CONSTRAINT `classinfo_ibfk_1` FOREIGN KEY (`teaNum`) REFERENCES `teacher` (`teaNum`) ON DELETE RESTRICT ON UPDATE RESTRICT
) ENGINE = InnoDB AUTO_INCREMENT = 52 CHARACTER SET = utf8mb4 COLLATE = utf8mb4_0900_ai_ci ROW_FORMAT = Dynamic;

-- ----------------------------
-- Records of classinfo
-- ----------------------------
INSERT INTO `classinfo` VALUES (38, '计类1班', '2020-01-01 00:00:00', 37, '19830302', NULL, NULL);
INSERT INTO `classinfo` VALUES (39, '计类2班', '2020-01-01 00:00:00', 35, '19830302', NULL, NULL);
INSERT INTO `classinfo` VALUES (40, '数科1班', '2020-01-01 00:00:00', 35, '19880001', NULL, NULL);
INSERT INTO `classinfo` VALUES (41, '数科2班', '2020-01-01 00:00:00', 36, '19880001', NULL, NULL);
INSERT INTO `classinfo` VALUES (42, '数科3班', '2020-01-01 00:00:00', 37, '19880001', NULL, NULL);
INSERT INTO `classinfo` VALUES (43, '通信1班', '2020-01-01 00:00:00', 35, '19890403', NULL, NULL);
INSERT INTO `classinfo` VALUES (44, '通信2班', '2020-01-01 00:00:00', 35, '19890403', NULL, NULL);
INSERT INTO `classinfo` VALUES (45, '通信3班', '2020-01-01 00:00:00', 35, '19890403', NULL, NULL);
INSERT INTO `classinfo` VALUES (46, '通信4班', '2020-01-01 00:00:00', 35, '19890403', NULL, NULL);
INSERT INTO `classinfo` VALUES (47, '通信5班', '2020-01-01 00:00:00', 35, '19900001', NULL, NULL);
INSERT INTO `classinfo` VALUES (48, '通信6班', '2020-01-01 00:00:00', 34, '19900001', NULL, NULL);
INSERT INTO `classinfo` VALUES (49, '数学1班', '2019-01-01 00:00:00', 1, '19820103', 'null', 0);
INSERT INTO `classinfo` VALUES (50, '金融1班', '2025-01-01 00:00:00', 0, '19820103', 'null', 0);
INSERT INTO `classinfo` VALUES (51, '石油2班', '2015-01-01 00:00:00', 1, '19820103', 'null', 0);

-- ----------------------------
-- Table structure for coursearrangement
-- ----------------------------
DROP TABLE IF EXISTS `coursearrangement`;
CREATE TABLE `coursearrangement`  (
  `caId` int NOT NULL AUTO_INCREMENT,
  `lesId` int NOT NULL,
  `teaNum` char(8) CHARACTER SET utf8mb4 COLLATE utf8mb4_0900_ai_ci NOT NULL,
  `clsId` int NOT NULL,
  `year` int NOT NULL,
  `semester` int NOT NULL,
  PRIMARY KEY (`caId`) USING BTREE,
  INDEX `coursearrangement_copy1_ibfk_1`(`clsId`) USING BTREE,
  INDEX `coursearrangement_copy1_ibfk_2`(`lesId`) USING BTREE,
  INDEX `coursearrangement_copy1_ibfk_3`(`teaNum`) USING BTREE,
  CONSTRAINT `coursearrangement_ibfk_1` FOREIGN KEY (`clsId`) REFERENCES `classinfo` (`clsId`) ON DELETE RESTRICT ON UPDATE RESTRICT,
  CONSTRAINT `coursearrangement_ibfk_2` FOREIGN KEY (`lesId`) REFERENCES `lesson` (`lesId`) ON DELETE RESTRICT ON UPDATE RESTRICT,
  CONSTRAINT `coursearrangement_ibfk_3` FOREIGN KEY (`teaNum`) REFERENCES `teacher` (`teaNum`) ON DELETE RESTRICT ON UPDATE RESTRICT
) ENGINE = InnoDB AUTO_INCREMENT = 31 CHARACTER SET = utf8mb4 COLLATE = utf8mb4_0900_ai_ci ROW_FORMAT = Dynamic;

-- ----------------------------
-- Records of coursearrangement
-- ----------------------------
INSERT INTO `coursearrangement` VALUES (1, 1, '19800201', 38, 2020, 1);
INSERT INTO `coursearrangement` VALUES (2, 1, '19800201', 39, 2020, 1);
INSERT INTO `coursearrangement` VALUES (3, 1, '19800402', 40, 2020, 1);
INSERT INTO `coursearrangement` VALUES (4, 1, '19800402', 41, 2020, 1);
INSERT INTO `coursearrangement` VALUES (5, 1, '19800402', 42, 2020, 1);
INSERT INTO `coursearrangement` VALUES (6, 3, '19810202', 38, 2020, 1);
INSERT INTO `coursearrangement` VALUES (7, 3, '19810202', 39, 2020, 1);
INSERT INTO `coursearrangement` VALUES (8, 3, '19810202', 40, 2020, 1);
INSERT INTO `coursearrangement` VALUES (9, 3, '19820103', 41, 2020, 1);
INSERT INTO `coursearrangement` VALUES (10, 3, '19820103', 42, 2020, 1);
INSERT INTO `coursearrangement` VALUES (11, 3, '19820103', 43, 2020, 1);
INSERT INTO `coursearrangement` VALUES (12, 3, '19820103', 44, 2020, 1);
INSERT INTO `coursearrangement` VALUES (13, 3, '19820202', 45, 2020, 1);
INSERT INTO `coursearrangement` VALUES (14, 3, '19820202', 46, 2020, 1);
INSERT INTO `coursearrangement` VALUES (15, 3, '19820202', 47, 2020, 1);
INSERT INTO `coursearrangement` VALUES (16, 3, '19820202', 48, 2020, 1);
INSERT INTO `coursearrangement` VALUES (17, 2, '19920001', 40, 2020, 1);
INSERT INTO `coursearrangement` VALUES (18, 2, '19920001', 41, 2020, 1);
INSERT INTO `coursearrangement` VALUES (19, 2, '19920001', 42, 2020, 1);
INSERT INTO `coursearrangement` VALUES (20, 6, '19800402', 43, 2020, 1);
INSERT INTO `coursearrangement` VALUES (21, 6, '19800402', 44, 2020, 1);
INSERT INTO `coursearrangement` VALUES (22, 6, '19810202', 45, 2020, 1);
INSERT INTO `coursearrangement` VALUES (23, 6, '19810202', 46, 2020, 1);
INSERT INTO `coursearrangement` VALUES (24, 6, '19820202', 47, 2020, 1);
INSERT INTO `coursearrangement` VALUES (25, 6, '19820202', 48, 2045, 1);

-- ----------------------------
-- Table structure for examschedule
-- ----------------------------
DROP TABLE IF EXISTS `examschedule`;
CREATE TABLE `examschedule`  (
  `esId` int NOT NULL AUTO_INCREMENT,
  `caId` int NOT NULL,
  `examDate` datetime NOT NULL,
  `static` int NOT NULL,
  `context` varchar(20) CHARACTER SET utf8mb4 COLLATE utf8mb4_0900_ai_ci NOT NULL,
  PRIMARY KEY (`esId`) USING BTREE,
  INDEX `FK_caIdExamSchedule`(`caId`) USING BTREE,
  CONSTRAINT `examschedule_ibfk_1` FOREIGN KEY (`caId`) REFERENCES `coursearrangement` (`caId`) ON DELETE RESTRICT ON UPDATE RESTRICT
) ENGINE = InnoDB AUTO_INCREMENT = 29 CHARACTER SET = utf8mb4 COLLATE = utf8mb4_0900_ai_ci ROW_FORMAT = Dynamic;

-- ----------------------------
-- Records of examschedule
-- ----------------------------
INSERT INTO `examschedule` VALUES (1, 1, '2020-06-03 00:00:00', 0, '计类java语言考试');
INSERT INTO `examschedule` VALUES (2, 2, '2020-06-03 00:00:00', 0, '计类java语言考试');
INSERT INTO `examschedule` VALUES (3, 3, '2020-06-03 00:00:00', 0, '数科java语言考试');
INSERT INTO `examschedule` VALUES (4, 4, '2020-06-03 00:00:00', 0, '数科java考试');
INSERT INTO `examschedule` VALUES (5, 5, '2020-06-03 00:00:00', 0, '数科java考试');
INSERT INTO `examschedule` VALUES (6, 6, '2020-06-13 00:00:00', 0, 'C考试');
INSERT INTO `examschedule` VALUES (7, 7, '2020-06-13 00:00:00', 0, 'C考试');
INSERT INTO `examschedule` VALUES (8, 8, '2020-06-13 00:00:00', 0, 'C考试');
INSERT INTO `examschedule` VALUES (9, 9, '2020-06-13 00:00:00', 0, 'C考试');
INSERT INTO `examschedule` VALUES (10, 10, '2020-06-13 00:00:00', 0, 'C考试');
INSERT INTO `examschedule` VALUES (11, 11, '2020-06-15 00:00:00', 0, 'C考试');
INSERT INTO `examschedule` VALUES (12, 12, '2020-06-15 00:00:00', 0, 'C考试');
INSERT INTO `examschedule` VALUES (13, 13, '2020-06-15 00:00:00', 0, 'C考试');
INSERT INTO `examschedule` VALUES (14, 14, '2020-06-15 00:00:00', 0, 'C考试');
INSERT INTO `examschedule` VALUES (15, 15, '2020-06-15 00:00:00', 0, 'C考试');
INSERT INTO `examschedule` VALUES (16, 16, '2020-06-15 00:00:00', 0, 'C考试');
INSERT INTO `examschedule` VALUES (17, 17, '2020-06-15 00:00:00', 0, 'python');
INSERT INTO `examschedule` VALUES (18, 18, '2020-06-15 00:00:00', 0, 'python');
INSERT INTO `examschedule` VALUES (19, 19, '2020-06-15 00:00:00', 0, 'python');
INSERT INTO `examschedule` VALUES (20, 20, '2020-06-18 00:00:00', 0, '通信考试');
INSERT INTO `examschedule` VALUES (21, 21, '2020-06-18 00:00:00', 0, '通信考试');
INSERT INTO `examschedule` VALUES (22, 22, '2020-06-18 00:00:00', 0, '通信考试');
INSERT INTO `examschedule` VALUES (23, 23, '2020-06-18 00:00:00', 0, '通信考试');
INSERT INTO `examschedule` VALUES (24, 24, '2020-06-18 00:00:00', 0, '通信考试');
INSERT INTO `examschedule` VALUES (25, 25, '2020-06-18 00:00:00', 0, '通信考试');
INSERT INTO `examschedule` VALUES (27, 25, '2021-10-14 00:00:00', 1, 'justTest');
INSERT INTO `examschedule` VALUES (28, 1, '2021-12-07 00:00:00', 1, '数据库');

-- ----------------------------
-- Table structure for lesson
-- ----------------------------
DROP TABLE IF EXISTS `lesson`;
CREATE TABLE `lesson`  (
  `lesId` int NOT NULL AUTO_INCREMENT,
  `lesName` varchar(20) CHARACTER SET utf8mb4 COLLATE utf8mb4_0900_ai_ci NOT NULL,
  `context` varchar(20) CHARACTER SET utf8mb4 COLLATE utf8mb4_0900_ai_ci NOT NULL,
  `score` int NOT NULL,
  `hours` int NOT NULL,
  PRIMARY KEY (`lesId`) USING BTREE
) ENGINE = InnoDB AUTO_INCREMENT = 11 CHARACTER SET = utf8mb4 COLLATE = utf8mb4_0900_ai_ci ROW_FORMAT = Dynamic;

-- ----------------------------
-- Records of lesson
-- ----------------------------
INSERT INTO `lesson` VALUES (1, 'Java', 'Java', 4, 56);
INSERT INTO `lesson` VALUES (2, 'python', 'python', 3, 48);
INSERT INTO `lesson` VALUES (3, 'C', 'C', 3, 48);
INSERT INTO `lesson` VALUES (4, 'C++', 'C++', 4, 56);
INSERT INTO `lesson` VALUES (5, '数据结构', '数据结构', 3, 45);
INSERT INTO `lesson` VALUES (6, '通信原理', '通信原理', 1, 48);

-- ----------------------------
-- Table structure for nulltable
-- ----------------------------
DROP TABLE IF EXISTS `nulltable`;
CREATE TABLE `nulltable`  (
  `amount` varchar(255) CHARACTER SET utf8mb4 COLLATE utf8mb4_0900_ai_ci NULL DEFAULT NULL
) ENGINE = InnoDB CHARACTER SET = utf8mb4 COLLATE = utf8mb4_0900_ai_ci ROW_FORMAT = Dynamic;

-- ----------------------------
-- Records of nulltable
-- ----------------------------

-- ----------------------------
-- Table structure for restpwd
-- ----------------------------
DROP TABLE IF EXISTS `restpwd`;
CREATE TABLE `restpwd`  (
  `stuNum` char(12) CHARACTER SET utf8mb4 COLLATE utf8mb4_0900_ai_ci NOT NULL,
  `question1` varchar(20) CHARACTER SET utf8mb4 COLLATE utf8mb4_0900_ai_ci NULL DEFAULT NULL,
  `answer1` varchar(20) CHARACTER SET utf8mb4 COLLATE utf8mb4_0900_ai_ci NULL DEFAULT NULL,
  `question2` varchar(20) CHARACTER SET utf8mb4 COLLATE utf8mb4_0900_ai_ci NULL DEFAULT NULL,
  `answer2` varchar(20) CHARACTER SET utf8mb4 COLLATE utf8mb4_0900_ai_ci NULL DEFAULT NULL,
  `question3` varchar(20) CHARACTER SET utf8mb4 COLLATE utf8mb4_0900_ai_ci NULL DEFAULT NULL,
  `answer3` varchar(20) CHARACTER SET utf8mb4 COLLATE utf8mb4_0900_ai_ci NULL DEFAULT NULL,
  `requestCount` int NULL DEFAULT NULL,
  PRIMARY KEY (`stuNum`) USING BTREE,
  CONSTRAINT `restpwd_ibfk_1` FOREIGN KEY (`stuNum`) REFERENCES `student` (`stuNum`) ON DELETE RESTRICT ON UPDATE RESTRICT
) ENGINE = InnoDB CHARACTER SET = utf8mb4 COLLATE = utf8mb4_0900_ai_ci ROW_FORMAT = Dynamic;

-- ----------------------------
-- Records of restpwd
-- ----------------------------
INSERT INTO `restpwd` VALUES ('202007010101', '1123', '1', '2223', '2', '3323', '3', 5);
INSERT INTO `restpwd` VALUES ('202007010102', '123', '1', '456', '1', '789', '1', 0);
INSERT INTO `restpwd` VALUES ('202007010106', '1', '1', '2', '2', '3', '3', 0);
INSERT INTO `restpwd` VALUES ('202007010108', '2', '2', '1', '1', '3', '3', 0);
INSERT INTO `restpwd` VALUES ('202007010111', '123', '1', '321', '2', '7892', '3', 1);
INSERT INTO `restpwd` VALUES ('987654321123', '1', '1', '2', '2', '3', '3', 0);

-- ----------------------------
-- Table structure for role
-- ----------------------------
DROP TABLE IF EXISTS `role`;
CREATE TABLE `role`  (
  `roleId` int NOT NULL,
  `context` varchar(255) CHARACTER SET utf8mb4 COLLATE utf8mb4_0900_ai_ci NULL DEFAULT NULL,
  PRIMARY KEY (`roleId`) USING BTREE
) ENGINE = InnoDB CHARACTER SET = utf8mb4 COLLATE = utf8mb4_0900_ai_ci ROW_FORMAT = Dynamic;

-- ----------------------------
-- Records of role
-- ----------------------------
INSERT INTO `role` VALUES (1, 'common');
INSERT INTO `role` VALUES (2, 'admin');

-- ----------------------------
-- Table structure for score
-- ----------------------------
DROP TABLE IF EXISTS `score`;
CREATE TABLE `score`  (
  `scoreId` int NOT NULL AUTO_INCREMENT,
  `esId` int NOT NULL,
  `stuNum` char(12) CHARACTER SET utf8mb4 COLLATE utf8mb4_0900_ai_ci NOT NULL,
  `score` int NOT NULL,
  PRIMARY KEY (`scoreId`) USING BTREE,
  INDEX `FK_esIdScore`(`esId`) USING BTREE,
  INDEX `FK_stuNumScore`(`stuNum`) USING BTREE,
  CONSTRAINT `FK_esIdScore` FOREIGN KEY (`esId`) REFERENCES `examschedule` (`esId`) ON DELETE RESTRICT ON UPDATE RESTRICT,
  CONSTRAINT `FK_stuNumScore` FOREIGN KEY (`stuNum`) REFERENCES `student` (`stuNum`) ON DELETE RESTRICT ON UPDATE RESTRICT
) ENGINE = InnoDB AUTO_INCREMENT = 844 CHARACTER SET = utf8mb4 COLLATE = utf8mb4_0900_ai_ci ROW_FORMAT = Dynamic;

-- ----------------------------
-- Records of score
-- ----------------------------
INSERT INTO `score` VALUES (1, 1, '202007010101', 60);
INSERT INTO `score` VALUES (2, 1, '202007010102', 99);
INSERT INTO `score` VALUES (3, 1, '202007010103', 87);
INSERT INTO `score` VALUES (4, 1, '202007010104', 43);
INSERT INTO `score` VALUES (5, 1, '202007010105', 69);
INSERT INTO `score` VALUES (6, 1, '202007010106', 77);
INSERT INTO `score` VALUES (7, 1, '202007010107', 28);
INSERT INTO `score` VALUES (8, 1, '202007010108', 92);
INSERT INTO `score` VALUES (9, 1, '202007010109', 76);
INSERT INTO `score` VALUES (10, 1, '202007010110', 94);
INSERT INTO `score` VALUES (11, 1, '202007010111', 88);
INSERT INTO `score` VALUES (12, 1, '202007010112', 64);
INSERT INTO `score` VALUES (13, 1, '202007010113', 60);
INSERT INTO `score` VALUES (14, 1, '202007010114', 61);
INSERT INTO `score` VALUES (15, 1, '202007010115', 65);
INSERT INTO `score` VALUES (16, 1, '202007010116', 77);
INSERT INTO `score` VALUES (17, 1, '202007010117', 94);
INSERT INTO `score` VALUES (18, 1, '202007010118', 58);
INSERT INTO `score` VALUES (19, 1, '202007010119', 59);
INSERT INTO `score` VALUES (20, 1, '202007010120', 68);
INSERT INTO `score` VALUES (21, 1, '202007010121', 74);
INSERT INTO `score` VALUES (22, 1, '202007010122', 68);
INSERT INTO `score` VALUES (23, 1, '202007010123', 100);
INSERT INTO `score` VALUES (24, 1, '202007010124', 64);
INSERT INTO `score` VALUES (25, 1, '202007010125', 44);
INSERT INTO `score` VALUES (26, 1, '202007010126', 87);
INSERT INTO `score` VALUES (27, 1, '202007010127', 62);
INSERT INTO `score` VALUES (28, 1, '202007010128', 68);
INSERT INTO `score` VALUES (29, 1, '202007010129', 0);
INSERT INTO `score` VALUES (30, 1, '202007010130', 58);
INSERT INTO `score` VALUES (31, 1, '202007010131', 59);
INSERT INTO `score` VALUES (32, 1, '202007010132', 64);
INSERT INTO `score` VALUES (33, 1, '202007010133', 60);
INSERT INTO `score` VALUES (34, 2, '202007020101', 93);
INSERT INTO `score` VALUES (35, 2, '202007020102', 75);
INSERT INTO `score` VALUES (36, 2, '202007020103', 46);
INSERT INTO `score` VALUES (37, 2, '202007020104', 76);
INSERT INTO `score` VALUES (38, 2, '202007020106', 73);
INSERT INTO `score` VALUES (39, 2, '202007020107', 77);
INSERT INTO `score` VALUES (40, 2, '202007020108', 65);
INSERT INTO `score` VALUES (41, 2, '202007020109', 77);
INSERT INTO `score` VALUES (42, 2, '202007020110', 65);
INSERT INTO `score` VALUES (43, 2, '202007020111', 57);
INSERT INTO `score` VALUES (44, 2, '202007020112', 79);
INSERT INTO `score` VALUES (45, 2, '202007020113', 94);
INSERT INTO `score` VALUES (46, 2, '202007020114', 37);
INSERT INTO `score` VALUES (47, 2, '202007020115', 99);
INSERT INTO `score` VALUES (48, 2, '202007020116', 66);
INSERT INTO `score` VALUES (49, 2, '202007020117', 88);
INSERT INTO `score` VALUES (50, 2, '202007020118', 78);
INSERT INTO `score` VALUES (51, 2, '202007020119', 94);
INSERT INTO `score` VALUES (52, 2, '202007020120', 51);
INSERT INTO `score` VALUES (53, 2, '202007020121', 55);
INSERT INTO `score` VALUES (54, 2, '202007020122', 70);
INSERT INTO `score` VALUES (55, 2, '202007020123', 66);
INSERT INTO `score` VALUES (56, 2, '202007020124', 56);
INSERT INTO `score` VALUES (57, 2, '202007020125', 59);
INSERT INTO `score` VALUES (58, 2, '202007020126', 66);
INSERT INTO `score` VALUES (59, 2, '202007020127', 90);
INSERT INTO `score` VALUES (60, 2, '202007020128', 87);
INSERT INTO `score` VALUES (61, 2, '202007020129', 61);
INSERT INTO `score` VALUES (62, 2, '202007020130', 95);
INSERT INTO `score` VALUES (63, 2, '202007020131', 74);
INSERT INTO `score` VALUES (64, 2, '202007020132', 77);
INSERT INTO `score` VALUES (65, 2, '202007020133', 68);
INSERT INTO `score` VALUES (66, 2, '202007020135', 89);
INSERT INTO `score` VALUES (67, 3, '202007030101', 65);
INSERT INTO `score` VALUES (68, 3, '202007030102', 95);
INSERT INTO `score` VALUES (69, 3, '202007030103', 84);
INSERT INTO `score` VALUES (70, 3, '202007030104', 73);
INSERT INTO `score` VALUES (71, 3, '202007030105', 54);
INSERT INTO `score` VALUES (72, 3, '202007030106', 52);
INSERT INTO `score` VALUES (73, 3, '202007030107', 60);
INSERT INTO `score` VALUES (74, 3, '202007030108', 68);
INSERT INTO `score` VALUES (75, 3, '202007030109', 88);
INSERT INTO `score` VALUES (76, 3, '202007030110', 77);
INSERT INTO `score` VALUES (77, 3, '202007030111', 45);
INSERT INTO `score` VALUES (78, 3, '202007030112', 98);
INSERT INTO `score` VALUES (79, 3, '202007030113', 78);
INSERT INTO `score` VALUES (80, 3, '202007030114', 65);
INSERT INTO `score` VALUES (81, 3, '202007030115', 59);
INSERT INTO `score` VALUES (82, 3, '202007030116', 51);
INSERT INTO `score` VALUES (83, 3, '202007030117', 54);
INSERT INTO `score` VALUES (84, 3, '202007030118', 85);
INSERT INTO `score` VALUES (85, 3, '202007030119', 87);
INSERT INTO `score` VALUES (86, 3, '202007030120', 48);
INSERT INTO `score` VALUES (87, 3, '202007030121', 84);
INSERT INTO `score` VALUES (88, 3, '202007030122', 69);
INSERT INTO `score` VALUES (89, 3, '202007030123', 77);
INSERT INTO `score` VALUES (90, 3, '202007030124', 73);
INSERT INTO `score` VALUES (91, 3, '202007030125', 88);
INSERT INTO `score` VALUES (92, 3, '202007030126', 87);
INSERT INTO `score` VALUES (93, 3, '202007030127', 61);
INSERT INTO `score` VALUES (94, 3, '202007030128', 54);
INSERT INTO `score` VALUES (95, 3, '202007030129', 45);
INSERT INTO `score` VALUES (96, 3, '202007030130', 46);
INSERT INTO `score` VALUES (97, 3, '202007030131', 25);
INSERT INTO `score` VALUES (98, 3, '202007030132', 54);
INSERT INTO `score` VALUES (99, 3, '202007030133', 76);
INSERT INTO `score` VALUES (100, 3, '202007030134', 79);
INSERT INTO `score` VALUES (101, 3, '202007030135', 60);
INSERT INTO `score` VALUES (102, 4, '202007020201', 44);
INSERT INTO `score` VALUES (103, 4, '202007020202', 49);
INSERT INTO `score` VALUES (104, 4, '202007020203', 40);
INSERT INTO `score` VALUES (105, 4, '202007020204', 46);
INSERT INTO `score` VALUES (106, 4, '202007020205', 47);
INSERT INTO `score` VALUES (107, 4, '202007020206', 54);
INSERT INTO `score` VALUES (108, 4, '202007020207', 59);
INSERT INTO `score` VALUES (109, 4, '202007020208', 52);
INSERT INTO `score` VALUES (110, 4, '202007020209', 53);
INSERT INTO `score` VALUES (111, 4, '202007020210', 58);
INSERT INTO `score` VALUES (112, 4, '202007020211', 61);
INSERT INTO `score` VALUES (113, 4, '202007020212', 63);
INSERT INTO `score` VALUES (114, 4, '202007020213', 68);
INSERT INTO `score` VALUES (115, 4, '202007020214', 66);
INSERT INTO `score` VALUES (116, 4, '202007020215', 64);
INSERT INTO `score` VALUES (117, 4, '202007020216', 72);
INSERT INTO `score` VALUES (118, 4, '202007020217', 79);
INSERT INTO `score` VALUES (119, 4, '202007020218', 71);
INSERT INTO `score` VALUES (120, 4, '202007020219', 76);
INSERT INTO `score` VALUES (121, 4, '202007020220', 77);
INSERT INTO `score` VALUES (122, 4, '202007020221', 84);
INSERT INTO `score` VALUES (123, 4, '202007020222', 86);
INSERT INTO `score` VALUES (124, 4, '202007020223', 88);
INSERT INTO `score` VALUES (125, 4, '202007020224', 89);
INSERT INTO `score` VALUES (126, 4, '202007020225', 83);
INSERT INTO `score` VALUES (127, 4, '202007020226', 91);
INSERT INTO `score` VALUES (128, 4, '202007020227', 99);
INSERT INTO `score` VALUES (129, 4, '202007020228', 96);
INSERT INTO `score` VALUES (130, 4, '202007020229', 95);
INSERT INTO `score` VALUES (131, 4, '202007020230', 92);
INSERT INTO `score` VALUES (132, 4, '202007020231', 49);
INSERT INTO `score` VALUES (133, 4, '202007020232', 56);
INSERT INTO `score` VALUES (134, 4, '202007020233', 68);
INSERT INTO `score` VALUES (135, 4, '202007020234', 75);
INSERT INTO `score` VALUES (136, 4, '202007020235', 89);
INSERT INTO `score` VALUES (137, 5, '202007020301', 56);
INSERT INTO `score` VALUES (138, 5, '202007020302', 68);
INSERT INTO `score` VALUES (139, 5, '202007020303', 78);
INSERT INTO `score` VALUES (140, 5, '202007020304', 96);
INSERT INTO `score` VALUES (141, 5, '202007020305', 43);
INSERT INTO `score` VALUES (142, 5, '202007020306', 59);
INSERT INTO `score` VALUES (143, 5, '202007020308', 85);
INSERT INTO `score` VALUES (144, 5, '202007020309', 74);
INSERT INTO `score` VALUES (145, 5, '202007020310', 93);
INSERT INTO `score` VALUES (146, 5, '202007020311', 85);
INSERT INTO `score` VALUES (147, 5, '202007020312', 66);
INSERT INTO `score` VALUES (148, 5, '202007020314', 53);
INSERT INTO `score` VALUES (149, 5, '202007020315', 92);
INSERT INTO `score` VALUES (150, 5, '202007020316', 59);
INSERT INTO `score` VALUES (151, 5, '202007020318', 78);
INSERT INTO `score` VALUES (152, 5, '202007020319', 90);
INSERT INTO `score` VALUES (153, 5, '202007020320', 80);
INSERT INTO `score` VALUES (154, 5, '202007020322', 63);
INSERT INTO `score` VALUES (155, 5, '202007020323', 55);
INSERT INTO `score` VALUES (156, 5, '202007020324', 89);
INSERT INTO `score` VALUES (157, 5, '202007020325', 67);
INSERT INTO `score` VALUES (158, 5, '202007020327', 84);
INSERT INTO `score` VALUES (159, 5, '202007020328', 72);
INSERT INTO `score` VALUES (160, 5, '202007020329', 62);
INSERT INTO `score` VALUES (161, 5, '202007020330', 63);
INSERT INTO `score` VALUES (162, 5, '202007020331', 86);
INSERT INTO `score` VALUES (163, 5, '202007020332', 53);
INSERT INTO `score` VALUES (164, 5, '202007020333', 87);
INSERT INTO `score` VALUES (165, 5, '202007020334', 57);
INSERT INTO `score` VALUES (166, 6, '202007010101', 73);
INSERT INTO `score` VALUES (167, 6, '202007010102', 88);
INSERT INTO `score` VALUES (168, 6, '202007010103', 79);
INSERT INTO `score` VALUES (169, 6, '202007010104', 99);
INSERT INTO `score` VALUES (170, 6, '202007010105', 60);
INSERT INTO `score` VALUES (171, 6, '202007010106', 100);
INSERT INTO `score` VALUES (172, 6, '202007010107', 83);
INSERT INTO `score` VALUES (173, 6, '202007010108', 55);
INSERT INTO `score` VALUES (174, 6, '202007010109', 59);
INSERT INTO `score` VALUES (175, 6, '202007010110', 73);
INSERT INTO `score` VALUES (176, 6, '202007010111', 84);
INSERT INTO `score` VALUES (177, 6, '202007010112', 61);
INSERT INTO `score` VALUES (178, 6, '202007010113', 77);
INSERT INTO `score` VALUES (179, 6, '202007010114', 50);
INSERT INTO `score` VALUES (180, 6, '202007010115', 58);
INSERT INTO `score` VALUES (181, 6, '202007010116', 72);
INSERT INTO `score` VALUES (182, 6, '202007010117', 69);
INSERT INTO `score` VALUES (183, 6, '202007010118', 78);
INSERT INTO `score` VALUES (184, 6, '202007010119', 88);
INSERT INTO `score` VALUES (185, 6, '202007010120', 81);
INSERT INTO `score` VALUES (186, 6, '202007010121', 79);
INSERT INTO `score` VALUES (187, 6, '202007010122', 89);
INSERT INTO `score` VALUES (188, 6, '202007010123', 95);
INSERT INTO `score` VALUES (189, 6, '202007010124', 93);
INSERT INTO `score` VALUES (190, 6, '202007010125', 76);
INSERT INTO `score` VALUES (191, 6, '202007010126', 70);
INSERT INTO `score` VALUES (192, 6, '202007010127', 46);
INSERT INTO `score` VALUES (193, 6, '202007010128', 58);
INSERT INTO `score` VALUES (194, 6, '202007010129', 66);
INSERT INTO `score` VALUES (195, 6, '202007010130', 55);
INSERT INTO `score` VALUES (196, 6, '202007010131', 88);
INSERT INTO `score` VALUES (197, 6, '202007010132', 99);
INSERT INTO `score` VALUES (198, 6, '202007010133', 100);
INSERT INTO `score` VALUES (199, 6, '202007010134', 75);
INSERT INTO `score` VALUES (200, 6, '202007010135', 60);
INSERT INTO `score` VALUES (201, 7, '202007020101', 73);
INSERT INTO `score` VALUES (202, 7, '202007020102', 83);
INSERT INTO `score` VALUES (203, 7, '202007020103', 90);
INSERT INTO `score` VALUES (204, 7, '202007020104', 91);
INSERT INTO `score` VALUES (205, 7, '202007020105', 60);
INSERT INTO `score` VALUES (206, 7, '202007020106', 68);
INSERT INTO `score` VALUES (207, 7, '202007020107', 70);
INSERT INTO `score` VALUES (208, 7, '202007020108', 84);
INSERT INTO `score` VALUES (209, 7, '202007020109', 87);
INSERT INTO `score` VALUES (210, 7, '202007020110', 43);
INSERT INTO `score` VALUES (211, 7, '202007020111', 94);
INSERT INTO `score` VALUES (212, 7, '202007020112', 78);
INSERT INTO `score` VALUES (213, 7, '202007020113', 81);
INSERT INTO `score` VALUES (214, 7, '202007020114', 84);
INSERT INTO `score` VALUES (215, 7, '202007020115', 79);
INSERT INTO `score` VALUES (216, 7, '202007020116', 65);
INSERT INTO `score` VALUES (217, 7, '202007020117', 64);
INSERT INTO `score` VALUES (218, 7, '202007020118', 59);
INSERT INTO `score` VALUES (219, 7, '202007020119', 72);
INSERT INTO `score` VALUES (220, 7, '202007020120', 89);
INSERT INTO `score` VALUES (221, 7, '202007020121', 88);
INSERT INTO `score` VALUES (222, 7, '202007020122', 66);
INSERT INTO `score` VALUES (223, 7, '202007020123', 71);
INSERT INTO `score` VALUES (224, 7, '202007020124', 84);
INSERT INTO `score` VALUES (225, 7, '202007020125', 90);
INSERT INTO `score` VALUES (226, 7, '202007020126', 58);
INSERT INTO `score` VALUES (227, 7, '202007020127', 87);
INSERT INTO `score` VALUES (228, 7, '202007020128', 65);
INSERT INTO `score` VALUES (229, 7, '202007020129', 83);
INSERT INTO `score` VALUES (230, 7, '202007020130', 90);
INSERT INTO `score` VALUES (231, 7, '202007020131', 91);
INSERT INTO `score` VALUES (232, 7, '202007020132', 79);
INSERT INTO `score` VALUES (233, 7, '202007020133', 76);
INSERT INTO `score` VALUES (234, 7, '202007020134', 95);
INSERT INTO `score` VALUES (235, 7, '202007020135', 33);
INSERT INTO `score` VALUES (236, 8, '202007030101', 90);
INSERT INTO `score` VALUES (237, 8, '202007030102', 98);
INSERT INTO `score` VALUES (238, 8, '202007030103', 60);
INSERT INTO `score` VALUES (239, 8, '202007030104', 84);
INSERT INTO `score` VALUES (240, 8, '202007030105', 75);
INSERT INTO `score` VALUES (241, 8, '202007030106', 65);
INSERT INTO `score` VALUES (242, 8, '202007030107', 49);
INSERT INTO `score` VALUES (243, 8, '202007030108', 79);
INSERT INTO `score` VALUES (244, 8, '202007030109', 67);
INSERT INTO `score` VALUES (245, 8, '202007030110', 84);
INSERT INTO `score` VALUES (246, 8, '202007030111', 77);
INSERT INTO `score` VALUES (247, 8, '202007030112', 63);
INSERT INTO `score` VALUES (248, 8, '202007030113', 91);
INSERT INTO `score` VALUES (249, 8, '202007030114', 89);
INSERT INTO `score` VALUES (250, 8, '202007030115', 74);
INSERT INTO `score` VALUES (251, 8, '202007030116', 71);
INSERT INTO `score` VALUES (252, 8, '202007030117', 62);
INSERT INTO `score` VALUES (253, 8, '202007030118', 83);
INSERT INTO `score` VALUES (254, 8, '202007030119', 78);
INSERT INTO `score` VALUES (255, 8, '202007030120', 94);
INSERT INTO `score` VALUES (256, 8, '202007030121', 99);
INSERT INTO `score` VALUES (257, 8, '202007030122', 38);
INSERT INTO `score` VALUES (258, 8, '202007030123', 46);
INSERT INTO `score` VALUES (259, 8, '202007030124', 55);
INSERT INTO `score` VALUES (260, 8, '202007030125', 60);
INSERT INTO `score` VALUES (261, 8, '202007030126', 49);
INSERT INTO `score` VALUES (262, 8, '202007030127', 72);
INSERT INTO `score` VALUES (263, 8, '202007030128', 79);
INSERT INTO `score` VALUES (264, 8, '202007030129', 51);
INSERT INTO `score` VALUES (265, 8, '202007030130', 65);
INSERT INTO `score` VALUES (266, 8, '202007030131', 76);
INSERT INTO `score` VALUES (267, 8, '202007030132', 64);
INSERT INTO `score` VALUES (268, 8, '202007030133', 96);
INSERT INTO `score` VALUES (269, 8, '202007030134', 83);
INSERT INTO `score` VALUES (270, 8, '202007030135', 39);
INSERT INTO `score` VALUES (271, 9, '202007020202', 66);
INSERT INTO `score` VALUES (272, 9, '202007020203', 77);
INSERT INTO `score` VALUES (273, 9, '202007020204', 90);
INSERT INTO `score` VALUES (274, 9, '202007020205', 95);
INSERT INTO `score` VALUES (275, 9, '202007020206', 45);
INSERT INTO `score` VALUES (276, 9, '202007020207', 67);
INSERT INTO `score` VALUES (277, 9, '202007020208', 26);
INSERT INTO `score` VALUES (278, 9, '202007020209', 66);
INSERT INTO `score` VALUES (279, 9, '202007020210', 75);
INSERT INTO `score` VALUES (280, 9, '202007020211', 84);
INSERT INTO `score` VALUES (281, 9, '202007020212', 57);
INSERT INTO `score` VALUES (282, 9, '202007020213', 43);
INSERT INTO `score` VALUES (283, 9, '202007020214', 80);
INSERT INTO `score` VALUES (284, 9, '202007020215', 75);
INSERT INTO `score` VALUES (285, 9, '202007020216', 78);
INSERT INTO `score` VALUES (286, 9, '202007020217', 78);
INSERT INTO `score` VALUES (287, 9, '202007020218', 73);
INSERT INTO `score` VALUES (288, 9, '202007020219', 95);
INSERT INTO `score` VALUES (289, 9, '202007020220', 98);
INSERT INTO `score` VALUES (290, 9, '202007020221', 63);
INSERT INTO `score` VALUES (291, 9, '202007020222', 26);
INSERT INTO `score` VALUES (292, 9, '202007020223', 63);
INSERT INTO `score` VALUES (293, 9, '202007020224', 63);
INSERT INTO `score` VALUES (294, 9, '202007020225', 33);
INSERT INTO `score` VALUES (295, 9, '202007020226', 53);
INSERT INTO `score` VALUES (296, 9, '202007020227', 75);
INSERT INTO `score` VALUES (297, 9, '202007020228', 77);
INSERT INTO `score` VALUES (298, 9, '202007020229', 36);
INSERT INTO `score` VALUES (299, 9, '202007020230', 0);
INSERT INTO `score` VALUES (300, 9, '202007020231', 53);
INSERT INTO `score` VALUES (301, 9, '202007020232', 75);
INSERT INTO `score` VALUES (302, 9, '202007020233', 63);
INSERT INTO `score` VALUES (303, 9, '202007020234', 99);
INSERT INTO `score` VALUES (304, 10, '202007020301', 10);
INSERT INTO `score` VALUES (305, 10, '202007020302', 55);
INSERT INTO `score` VALUES (306, 10, '202007020303', 60);
INSERT INTO `score` VALUES (307, 10, '202007020304', 65);
INSERT INTO `score` VALUES (308, 10, '202007020305', 91);
INSERT INTO `score` VALUES (309, 10, '202007020306', 85);
INSERT INTO `score` VALUES (310, 10, '202007020307', 53);
INSERT INTO `score` VALUES (311, 10, '202007020308', 67);
INSERT INTO `score` VALUES (312, 10, '202007020309', 87);
INSERT INTO `score` VALUES (313, 10, '202007020310', 84);
INSERT INTO `score` VALUES (314, 10, '202007020311', 76);
INSERT INTO `score` VALUES (315, 10, '202007020312', 55);
INSERT INTO `score` VALUES (316, 10, '202007020313', 94);
INSERT INTO `score` VALUES (317, 10, '202007020314', 93);
INSERT INTO `score` VALUES (318, 10, '202007020315', 75);
INSERT INTO `score` VALUES (319, 10, '202007020316', 77);
INSERT INTO `score` VALUES (320, 10, '202007020317', 90);
INSERT INTO `score` VALUES (321, 10, '202007020318', 67);
INSERT INTO `score` VALUES (322, 10, '202007020319', 76);
INSERT INTO `score` VALUES (323, 10, '202007020320', 81);
INSERT INTO `score` VALUES (324, 10, '202007020321', 15);
INSERT INTO `score` VALUES (325, 10, '202007020322', 98);
INSERT INTO `score` VALUES (326, 10, '202007020323', 2);
INSERT INTO `score` VALUES (327, 10, '202007020324', 71);
INSERT INTO `score` VALUES (328, 10, '202007020325', 67);
INSERT INTO `score` VALUES (329, 10, '202007020326', 95);
INSERT INTO `score` VALUES (330, 10, '202007020327', 76);
INSERT INTO `score` VALUES (331, 10, '202007020328', 70);
INSERT INTO `score` VALUES (332, 10, '202007020329', 76);
INSERT INTO `score` VALUES (333, 11, '202007030201', 60);
INSERT INTO `score` VALUES (334, 11, '202007030202', 89);
INSERT INTO `score` VALUES (335, 11, '202007030203', 75);
INSERT INTO `score` VALUES (336, 11, '202007030204', 66);
INSERT INTO `score` VALUES (337, 11, '202007030205', 66);
INSERT INTO `score` VALUES (338, 11, '202007030206', 78);
INSERT INTO `score` VALUES (339, 11, '202007030207', 62);
INSERT INTO `score` VALUES (340, 11, '202007030208', 60);
INSERT INTO `score` VALUES (341, 11, '202007030209', 88);
INSERT INTO `score` VALUES (342, 11, '202007030210', 90);
INSERT INTO `score` VALUES (343, 11, '202007030211', 75);
INSERT INTO `score` VALUES (344, 11, '202007030212', 69);
INSERT INTO `score` VALUES (345, 11, '202007030213', 71);
INSERT INTO `score` VALUES (346, 11, '202007030214', 82);
INSERT INTO `score` VALUES (347, 11, '202007030215', 76);
INSERT INTO `score` VALUES (348, 11, '202007030216', 67);
INSERT INTO `score` VALUES (349, 11, '202007030217', 58);
INSERT INTO `score` VALUES (350, 11, '202007030218', 64);
INSERT INTO `score` VALUES (351, 11, '202007030219', 35);
INSERT INTO `score` VALUES (352, 11, '202007030220', 77);
INSERT INTO `score` VALUES (353, 11, '202007030221', 98);
INSERT INTO `score` VALUES (354, 11, '202007030222', 100);
INSERT INTO `score` VALUES (355, 11, '202007030223', 81);
INSERT INTO `score` VALUES (356, 11, '202007030224', 63);
INSERT INTO `score` VALUES (357, 11, '202007030225', 49);
INSERT INTO `score` VALUES (358, 11, '202007030226', 57);
INSERT INTO `score` VALUES (359, 11, '202007030227', 79);
INSERT INTO `score` VALUES (360, 11, '202007030228', 86);
INSERT INTO `score` VALUES (361, 11, '202007030229', 56);
INSERT INTO `score` VALUES (362, 11, '202007030230', 99);
INSERT INTO `score` VALUES (363, 12, '202007020401', 68);
INSERT INTO `score` VALUES (364, 12, '202007020402', 73);
INSERT INTO `score` VALUES (365, 12, '202007020403', 72);
INSERT INTO `score` VALUES (366, 12, '202007020404', 77);
INSERT INTO `score` VALUES (367, 12, '202007020405', 90);
INSERT INTO `score` VALUES (368, 12, '202007020406', 83);
INSERT INTO `score` VALUES (369, 12, '202007020407', 88);
INSERT INTO `score` VALUES (370, 12, '202007020408', 99);
INSERT INTO `score` VALUES (371, 12, '202007020409', 30);
INSERT INTO `score` VALUES (372, 12, '202007020410', 59);
INSERT INTO `score` VALUES (373, 12, '202007020411', 66);
INSERT INTO `score` VALUES (374, 12, '202007020412', 53);
INSERT INTO `score` VALUES (375, 12, '202007020413', 57);
INSERT INTO `score` VALUES (376, 12, '202007020414', 60);
INSERT INTO `score` VALUES (377, 12, '202007020415', 73);
INSERT INTO `score` VALUES (378, 12, '202007020416', 78);
INSERT INTO `score` VALUES (379, 12, '202007020417', 89);
INSERT INTO `score` VALUES (380, 12, '202007020418', 79);
INSERT INTO `score` VALUES (381, 12, '202007020419', 69);
INSERT INTO `score` VALUES (382, 12, '202007020420', 56);
INSERT INTO `score` VALUES (383, 12, '202007020421', 66);
INSERT INTO `score` VALUES (384, 12, '202007020422', 95);
INSERT INTO `score` VALUES (385, 12, '202007020423', 92);
INSERT INTO `score` VALUES (386, 12, '202007020424', 59);
INSERT INTO `score` VALUES (387, 12, '202007020425', 60);
INSERT INTO `score` VALUES (388, 12, '202007020426', 76);
INSERT INTO `score` VALUES (389, 12, '202007020427', 86);
INSERT INTO `score` VALUES (390, 12, '202007020428', 66);
INSERT INTO `score` VALUES (391, 12, '202007020429', 60);
INSERT INTO `score` VALUES (392, 12, '202007020430', 94);
INSERT INTO `score` VALUES (393, 12, '202007020431', 93);
INSERT INTO `score` VALUES (394, 12, '202007020432', 91);
INSERT INTO `score` VALUES (395, 12, '202007020433', 29);
INSERT INTO `score` VALUES (396, 12, '202007020434', 45);
INSERT INTO `score` VALUES (397, 12, '202007020435', 88);
INSERT INTO `score` VALUES (398, 13, '202007020501', 83);
INSERT INTO `score` VALUES (399, 13, '202007020502', 94);
INSERT INTO `score` VALUES (400, 13, '202007020503', 89);
INSERT INTO `score` VALUES (401, 13, '202007020504', 65);
INSERT INTO `score` VALUES (402, 13, '202007020505', 73);
INSERT INTO `score` VALUES (403, 13, '202007020506', 67);
INSERT INTO `score` VALUES (404, 13, '202007020507', 76);
INSERT INTO `score` VALUES (405, 13, '202007020508', 99);
INSERT INTO `score` VALUES (406, 13, '202007020509', 100);
INSERT INTO `score` VALUES (407, 13, '202007020510', 61);
INSERT INTO `score` VALUES (408, 13, '202007020511', 49);
INSERT INTO `score` VALUES (409, 13, '202007020512', 77);
INSERT INTO `score` VALUES (410, 13, '202007020513', 86);
INSERT INTO `score` VALUES (411, 13, '202007020514', 69);
INSERT INTO `score` VALUES (412, 13, '202007020515', 73);
INSERT INTO `score` VALUES (413, 13, '202007020516', 45);
INSERT INTO `score` VALUES (414, 13, '202007020517', 69);
INSERT INTO `score` VALUES (415, 13, '202007020518', 78);
INSERT INTO `score` VALUES (416, 13, '202007020519', 89);
INSERT INTO `score` VALUES (417, 13, '202007020520', 66);
INSERT INTO `score` VALUES (418, 13, '202007020521', 77);
INSERT INTO `score` VALUES (419, 13, '202007020522', 81);
INSERT INTO `score` VALUES (420, 13, '202007020523', 82);
INSERT INTO `score` VALUES (421, 13, '202007020524', 83);
INSERT INTO `score` VALUES (422, 13, '202007020525', 75);
INSERT INTO `score` VALUES (423, 13, '202007020526', 68);
INSERT INTO `score` VALUES (424, 13, '202007020527', 90);
INSERT INTO `score` VALUES (425, 13, '202007020528', 83);
INSERT INTO `score` VALUES (426, 13, '202007020529', 71);
INSERT INTO `score` VALUES (427, 13, '202007020530', 72);
INSERT INTO `score` VALUES (428, 13, '202007020531', 91);
INSERT INTO `score` VALUES (429, 13, '202007020532', 69);
INSERT INTO `score` VALUES (430, 13, '202007020533', 83);
INSERT INTO `score` VALUES (431, 13, '202007020534', 88);
INSERT INTO `score` VALUES (432, 13, '202007020535', 91);
INSERT INTO `score` VALUES (433, 14, '202007020601', 55);
INSERT INTO `score` VALUES (434, 14, '202007020602', 66);
INSERT INTO `score` VALUES (435, 14, '202007020603', 58);
INSERT INTO `score` VALUES (436, 14, '202007020604', 96);
INSERT INTO `score` VALUES (437, 14, '202007020605', 75);
INSERT INTO `score` VALUES (438, 14, '202007020606', 63);
INSERT INTO `score` VALUES (439, 14, '202007020607', 94);
INSERT INTO `score` VALUES (440, 14, '202007020608', 98);
INSERT INTO `score` VALUES (441, 14, '202007020609', 99);
INSERT INTO `score` VALUES (442, 14, '202007020610', 91);
INSERT INTO `score` VALUES (443, 14, '202007020611', 68);
INSERT INTO `score` VALUES (444, 14, '202007020612', 87);
INSERT INTO `score` VALUES (445, 14, '202007020613', 74);
INSERT INTO `score` VALUES (446, 14, '202007020614', 75);
INSERT INTO `score` VALUES (447, 14, '202007020615', 76);
INSERT INTO `score` VALUES (448, 14, '202007020616', 78);
INSERT INTO `score` VALUES (449, 14, '202007020617', 68);
INSERT INTO `score` VALUES (450, 14, '202007020618', 54);
INSERT INTO `score` VALUES (451, 14, '202007020619', 88);
INSERT INTO `score` VALUES (452, 14, '202007020620', 94);
INSERT INTO `score` VALUES (453, 14, '202007020621', 55);
INSERT INTO `score` VALUES (454, 14, '202007020622', 68);
INSERT INTO `score` VALUES (455, 14, '202007020623', 84);
INSERT INTO `score` VALUES (456, 14, '202007020624', 48);
INSERT INTO `score` VALUES (457, 14, '202007020625', 35);
INSERT INTO `score` VALUES (458, 14, '202007020626', 98);
INSERT INTO `score` VALUES (459, 14, '202007020627', 69);
INSERT INTO `score` VALUES (460, 14, '202007020628', 79);
INSERT INTO `score` VALUES (461, 14, '202007020629', 71);
INSERT INTO `score` VALUES (462, 14, '202007020630', 68);
INSERT INTO `score` VALUES (463, 14, '202007020631', 86);
INSERT INTO `score` VALUES (464, 14, '202007020632', 37);
INSERT INTO `score` VALUES (465, 14, '202007020633', 98);
INSERT INTO `score` VALUES (466, 14, '202007020634', 68);
INSERT INTO `score` VALUES (467, 14, '202007020635', 88);
INSERT INTO `score` VALUES (468, 15, '202007010201', 56);
INSERT INTO `score` VALUES (469, 15, '202007010202', 59);
INSERT INTO `score` VALUES (470, 15, '202007010203', 71);
INSERT INTO `score` VALUES (471, 15, '202007010204', 79);
INSERT INTO `score` VALUES (472, 15, '202007010205', 79);
INSERT INTO `score` VALUES (473, 15, '202007010206', 88);
INSERT INTO `score` VALUES (474, 15, '202007010207', 84);
INSERT INTO `score` VALUES (475, 15, '202007010208', 74);
INSERT INTO `score` VALUES (476, 15, '202007010209', 75);
INSERT INTO `score` VALUES (477, 15, '202007010210', 98);
INSERT INTO `score` VALUES (478, 15, '202007010211', 95);
INSERT INTO `score` VALUES (479, 15, '202007010212', 90);
INSERT INTO `score` VALUES (480, 15, '202007010213', 91);
INSERT INTO `score` VALUES (481, 15, '202007010214', 83);
INSERT INTO `score` VALUES (482, 15, '202007010215', 61);
INSERT INTO `score` VALUES (483, 15, '202007010216', 60);
INSERT INTO `score` VALUES (484, 15, '202007010217', 65);
INSERT INTO `score` VALUES (485, 15, '202007010218', 74);
INSERT INTO `score` VALUES (486, 15, '202007010219', 75);
INSERT INTO `score` VALUES (487, 15, '202007010220', 83);
INSERT INTO `score` VALUES (488, 15, '202007010221', 84);
INSERT INTO `score` VALUES (489, 15, '202007010222', 0);
INSERT INTO `score` VALUES (490, 15, '202007010223', 96);
INSERT INTO `score` VALUES (491, 15, '202007010224', 79);
INSERT INTO `score` VALUES (492, 15, '202007010225', 89);
INSERT INTO `score` VALUES (493, 15, '202007010226', 85);
INSERT INTO `score` VALUES (494, 15, '202007010227', 42);
INSERT INTO `score` VALUES (495, 15, '202007010228', 35);
INSERT INTO `score` VALUES (496, 15, '202007010229', 77);
INSERT INTO `score` VALUES (497, 15, '202007010230', 71);
INSERT INTO `score` VALUES (498, 15, '202007010231', 70);
INSERT INTO `score` VALUES (499, 15, '202007010232', 78);
INSERT INTO `score` VALUES (500, 15, '202007010233', 81);
INSERT INTO `score` VALUES (501, 15, '202007010234', 85);
INSERT INTO `score` VALUES (502, 15, '202007010235', 93);
INSERT INTO `score` VALUES (503, 16, '202007030301', 78);
INSERT INTO `score` VALUES (504, 16, '202007030302', 88);
INSERT INTO `score` VALUES (505, 16, '202007030303', 65);
INSERT INTO `score` VALUES (506, 16, '202007030304', 43);
INSERT INTO `score` VALUES (507, 16, '202007030305', 98);
INSERT INTO `score` VALUES (508, 16, '202007030306', 73);
INSERT INTO `score` VALUES (509, 16, '202007030307', 79);
INSERT INTO `score` VALUES (510, 16, '202007030308', 68);
INSERT INTO `score` VALUES (511, 16, '202007030309', 58);
INSERT INTO `score` VALUES (512, 16, '202007030310', 100);
INSERT INTO `score` VALUES (513, 16, '202007030311', 32);
INSERT INTO `score` VALUES (514, 16, '202007030312', 98);
INSERT INTO `score` VALUES (515, 16, '202007030313', 80);
INSERT INTO `score` VALUES (516, 16, '202007030314', 70);
INSERT INTO `score` VALUES (517, 16, '202007030315', 75);
INSERT INTO `score` VALUES (518, 16, '202007030316', 76);
INSERT INTO `score` VALUES (519, 16, '202007030317', 82);
INSERT INTO `score` VALUES (520, 16, '202007030318', 86);
INSERT INTO `score` VALUES (521, 16, '202007030319', 81);
INSERT INTO `score` VALUES (522, 16, '202007030320', 79);
INSERT INTO `score` VALUES (523, 16, '202007030321', 91);
INSERT INTO `score` VALUES (524, 16, '202007030322', 79);
INSERT INTO `score` VALUES (525, 16, '202007030323', 73);
INSERT INTO `score` VALUES (526, 16, '202007030324', 80);
INSERT INTO `score` VALUES (527, 16, '202007030325', 90);
INSERT INTO `score` VALUES (528, 16, '202007030326', 77);
INSERT INTO `score` VALUES (529, 16, '202007030327', 88);
INSERT INTO `score` VALUES (530, 16, '202007030328', 66);
INSERT INTO `score` VALUES (531, 16, '202007030329', 59);
INSERT INTO `score` VALUES (532, 16, '202007030330', 45);
INSERT INTO `score` VALUES (533, 16, '202007030331', 56);
INSERT INTO `score` VALUES (534, 16, '202007030333', 78);
INSERT INTO `score` VALUES (535, 16, '202007030334', 97);
INSERT INTO `score` VALUES (536, 17, '202007030101', 79);
INSERT INTO `score` VALUES (537, 17, '202007030102', 83);
INSERT INTO `score` VALUES (538, 17, '202007030103', 62);
INSERT INTO `score` VALUES (539, 17, '202007030104', 96);
INSERT INTO `score` VALUES (540, 17, '202007030105', 75);
INSERT INTO `score` VALUES (541, 17, '202007030106', 85);
INSERT INTO `score` VALUES (542, 17, '202007030107', 77);
INSERT INTO `score` VALUES (543, 17, '202007030108', 66);
INSERT INTO `score` VALUES (544, 17, '202007030109', 91);
INSERT INTO `score` VALUES (545, 17, '202007030110', 61);
INSERT INTO `score` VALUES (546, 17, '202007030111', 57);
INSERT INTO `score` VALUES (547, 17, '202007030112', 89);
INSERT INTO `score` VALUES (548, 17, '202007030113', 90);
INSERT INTO `score` VALUES (549, 17, '202007030114', 64);
INSERT INTO `score` VALUES (550, 17, '202007030115', 79);
INSERT INTO `score` VALUES (551, 17, '202007030116', 76);
INSERT INTO `score` VALUES (552, 17, '202007030117', 59);
INSERT INTO `score` VALUES (553, 17, '202007030118', 69);
INSERT INTO `score` VALUES (554, 17, '202007030119', 55);
INSERT INTO `score` VALUES (555, 17, '202007030120', 99);
INSERT INTO `score` VALUES (556, 17, '202007030121', 43);
INSERT INTO `score` VALUES (557, 17, '202007030122', 82);
INSERT INTO `score` VALUES (558, 17, '202007030123', 95);
INSERT INTO `score` VALUES (559, 17, '202007030124', 97);
INSERT INTO `score` VALUES (560, 17, '202007030125', 90);
INSERT INTO `score` VALUES (561, 17, '202007030126', 80);
INSERT INTO `score` VALUES (562, 17, '202007030127', 68);
INSERT INTO `score` VALUES (563, 17, '202007030128', 54);
INSERT INTO `score` VALUES (564, 17, '202007030129', 77);
INSERT INTO `score` VALUES (565, 17, '202007030130', 71);
INSERT INTO `score` VALUES (566, 17, '202007030131', 61);
INSERT INTO `score` VALUES (567, 17, '202007030132', 100);
INSERT INTO `score` VALUES (568, 17, '202007030133', 76);
INSERT INTO `score` VALUES (569, 17, '202007030134', 87);
INSERT INTO `score` VALUES (570, 17, '202007030135', 97);
INSERT INTO `score` VALUES (571, 18, '202007020201', 90);
INSERT INTO `score` VALUES (572, 18, '202007020202', 45);
INSERT INTO `score` VALUES (573, 18, '202007020203', 68);
INSERT INTO `score` VALUES (574, 18, '202007020204', 47);
INSERT INTO `score` VALUES (575, 18, '202007020206', 86);
INSERT INTO `score` VALUES (576, 18, '202007020207', 79);
INSERT INTO `score` VALUES (577, 18, '202007020208', 99);
INSERT INTO `score` VALUES (578, 18, '202007020209', 92);
INSERT INTO `score` VALUES (579, 18, '202007020210', 45);
INSERT INTO `score` VALUES (580, 18, '202007020211', 87);
INSERT INTO `score` VALUES (581, 18, '202007020212', 67);
INSERT INTO `score` VALUES (582, 18, '202007020213', 98);
INSERT INTO `score` VALUES (583, 18, '202007020215', 73);
INSERT INTO `score` VALUES (584, 18, '202007020216', 82);
INSERT INTO `score` VALUES (585, 18, '202007020217', 62);
INSERT INTO `score` VALUES (586, 18, '202007020218', 48);
INSERT INTO `score` VALUES (587, 18, '202007020219', 81);
INSERT INTO `score` VALUES (588, 18, '202007020220', 60);
INSERT INTO `score` VALUES (589, 18, '202007020221', 55);
INSERT INTO `score` VALUES (590, 18, '202007020222', 37);
INSERT INTO `score` VALUES (591, 18, '202007020223', 68);
INSERT INTO `score` VALUES (592, 18, '202007020224', 98);
INSERT INTO `score` VALUES (593, 18, '202007020225', 99);
INSERT INTO `score` VALUES (594, 18, '202007020226', 96);
INSERT INTO `score` VALUES (595, 18, '202007020227', 95);
INSERT INTO `score` VALUES (596, 18, '202007020228', 97);
INSERT INTO `score` VALUES (597, 18, '202007020229', 76);
INSERT INTO `score` VALUES (598, 18, '202007020230', 77);
INSERT INTO `score` VALUES (599, 18, '202007020231', 88);
INSERT INTO `score` VALUES (600, 18, '202007020232', 66);
INSERT INTO `score` VALUES (601, 18, '202007020233', 65);
INSERT INTO `score` VALUES (602, 18, '202007020234', 35);
INSERT INTO `score` VALUES (603, 19, '202007020301', 67);
INSERT INTO `score` VALUES (604, 19, '202007020302', 58);
INSERT INTO `score` VALUES (605, 19, '202007020303', 96);
INSERT INTO `score` VALUES (606, 19, '202007020304', 67);
INSERT INTO `score` VALUES (607, 19, '202007020305', 65);
INSERT INTO `score` VALUES (608, 19, '202007020306', 48);
INSERT INTO `score` VALUES (609, 19, '202007020307', 96);
INSERT INTO `score` VALUES (610, 19, '202007020308', 75);
INSERT INTO `score` VALUES (611, 19, '202007020309', 85);
INSERT INTO `score` VALUES (612, 19, '202007020310', 48);
INSERT INTO `score` VALUES (613, 19, '202007020311', 53);
INSERT INTO `score` VALUES (614, 19, '202007020312', 37);
INSERT INTO `score` VALUES (615, 19, '202007020313', 68);
INSERT INTO `score` VALUES (616, 19, '202007020314', 63);
INSERT INTO `score` VALUES (617, 19, '202007020315', 93);
INSERT INTO `score` VALUES (618, 19, '202007020316', 27);
INSERT INTO `score` VALUES (619, 19, '202007020317', 100);
INSERT INTO `score` VALUES (620, 19, '202007020318', 45);
INSERT INTO `score` VALUES (621, 19, '202007020319', 73);
INSERT INTO `score` VALUES (622, 19, '202007020320', 28);
INSERT INTO `score` VALUES (623, 19, '202007020321', 84);
INSERT INTO `score` VALUES (624, 19, '202007020322', 91);
INSERT INTO `score` VALUES (625, 19, '202007020323', 82);
INSERT INTO `score` VALUES (626, 19, '202007020324', 23);
INSERT INTO `score` VALUES (627, 19, '202007020325', 97);
INSERT INTO `score` VALUES (628, 19, '202007020326', 95);
INSERT INTO `score` VALUES (629, 19, '202007020327', 51);
INSERT INTO `score` VALUES (630, 19, '202007020328', 67);
INSERT INTO `score` VALUES (631, 19, '202007020329', 77);
INSERT INTO `score` VALUES (632, 20, '202007030201', 99);
INSERT INTO `score` VALUES (633, 20, '202007030202', 89);
INSERT INTO `score` VALUES (634, 20, '202007030203', 77);
INSERT INTO `score` VALUES (635, 20, '202007030204', 68);
INSERT INTO `score` VALUES (636, 20, '202007030205', 69);
INSERT INTO `score` VALUES (637, 20, '202007030206', 98);
INSERT INTO `score` VALUES (638, 20, '202007030207', 60);
INSERT INTO `score` VALUES (639, 20, '202007030208', 61);
INSERT INTO `score` VALUES (640, 20, '202007030209', 8);
INSERT INTO `score` VALUES (641, 20, '202007030210', 61);
INSERT INTO `score` VALUES (642, 20, '202007030211', 35);
INSERT INTO `score` VALUES (643, 20, '202007030212', 75);
INSERT INTO `score` VALUES (644, 20, '202007030213', 74);
INSERT INTO `score` VALUES (645, 20, '202007030214', 88);
INSERT INTO `score` VALUES (646, 20, '202007030215', 75);
INSERT INTO `score` VALUES (647, 20, '202007030216', 45);
INSERT INTO `score` VALUES (648, 20, '202007030217', 58);
INSERT INTO `score` VALUES (649, 20, '202007030218', 49);
INSERT INTO `score` VALUES (650, 20, '202007030219', 36);
INSERT INTO `score` VALUES (651, 20, '202007030220', 77);
INSERT INTO `score` VALUES (652, 20, '202007030221', 97);
INSERT INTO `score` VALUES (653, 20, '202007030222', 100);
INSERT INTO `score` VALUES (654, 20, '202007030223', 81);
INSERT INTO `score` VALUES (655, 20, '202007030224', 69);
INSERT INTO `score` VALUES (656, 20, '202007030225', 49);
INSERT INTO `score` VALUES (657, 20, '202007030226', 57);
INSERT INTO `score` VALUES (658, 20, '202007030227', 89);
INSERT INTO `score` VALUES (659, 20, '202007030228', 86);
INSERT INTO `score` VALUES (660, 20, '202007030229', 56);
INSERT INTO `score` VALUES (661, 20, '202007030230', 56);
INSERT INTO `score` VALUES (662, 20, '202007030231', 52);
INSERT INTO `score` VALUES (663, 20, '202007030232', 94);
INSERT INTO `score` VALUES (664, 20, '202007030233', 63);
INSERT INTO `score` VALUES (665, 20, '202007030234', 56);
INSERT INTO `score` VALUES (666, 21, '202007020401', 88);
INSERT INTO `score` VALUES (667, 21, '202007020402', 45);
INSERT INTO `score` VALUES (668, 21, '202007020403', 66);
INSERT INTO `score` VALUES (669, 21, '202007020404', 60);
INSERT INTO `score` VALUES (670, 21, '202007020405', 89);
INSERT INTO `score` VALUES (671, 21, '202007020406', 78);
INSERT INTO `score` VALUES (672, 21, '202007020407', 88);
INSERT INTO `score` VALUES (673, 21, '202007020408', 68);
INSERT INTO `score` VALUES (674, 21, '202007020409', 90);
INSERT INTO `score` VALUES (675, 21, '202007020410', 60);
INSERT INTO `score` VALUES (676, 21, '202007020411', 59);
INSERT INTO `score` VALUES (677, 21, '202007020412', 81);
INSERT INTO `score` VALUES (678, 21, '202007020413', 62);
INSERT INTO `score` VALUES (679, 21, '202007020414', 65);
INSERT INTO `score` VALUES (680, 21, '202007020415', 87);
INSERT INTO `score` VALUES (681, 21, '202007020416', 59);
INSERT INTO `score` VALUES (682, 21, '202007020417', 77);
INSERT INTO `score` VALUES (683, 21, '202007020418', 87);
INSERT INTO `score` VALUES (684, 21, '202007020419', 60);
INSERT INTO `score` VALUES (685, 21, '202007020420', 60);
INSERT INTO `score` VALUES (686, 21, '202007020421', 73);
INSERT INTO `score` VALUES (687, 21, '202007020422', 67);
INSERT INTO `score` VALUES (688, 21, '202007020423', 88);
INSERT INTO `score` VALUES (689, 21, '202007020424', 76);
INSERT INTO `score` VALUES (690, 21, '202007020425', 47);
INSERT INTO `score` VALUES (691, 21, '202007020426', 78);
INSERT INTO `score` VALUES (692, 21, '202007020427', 54);
INSERT INTO `score` VALUES (693, 21, '202007020428', 66);
INSERT INTO `score` VALUES (694, 21, '202007020429', 76);
INSERT INTO `score` VALUES (695, 21, '202007020430', 99);
INSERT INTO `score` VALUES (696, 21, '202007020431', 77);
INSERT INTO `score` VALUES (697, 21, '202007020432', 67);
INSERT INTO `score` VALUES (698, 21, '202007020433', 69);
INSERT INTO `score` VALUES (699, 21, '202007020434', 88);
INSERT INTO `score` VALUES (700, 21, '202007020435', 67);
INSERT INTO `score` VALUES (701, 22, '202007020501', 76);
INSERT INTO `score` VALUES (702, 22, '202007020502', 91);
INSERT INTO `score` VALUES (703, 22, '202007020503', 82);
INSERT INTO `score` VALUES (704, 22, '202007020504', 58);
INSERT INTO `score` VALUES (705, 22, '202007020505', 76);
INSERT INTO `score` VALUES (706, 22, '202007020506', 69);
INSERT INTO `score` VALUES (707, 22, '202007020507', 76);
INSERT INTO `score` VALUES (708, 22, '202007020508', 80);
INSERT INTO `score` VALUES (709, 22, '202007020509', 90);
INSERT INTO `score` VALUES (710, 22, '202007020510', 71);
INSERT INTO `score` VALUES (711, 22, '202007020511', 64);
INSERT INTO `score` VALUES (712, 22, '202007020512', 83);
INSERT INTO `score` VALUES (713, 22, '202007020513', 67);
INSERT INTO `score` VALUES (714, 22, '202007020514', 79);
INSERT INTO `score` VALUES (715, 22, '202007020515', 82);
INSERT INTO `score` VALUES (716, 22, '202007020516', 71);
INSERT INTO `score` VALUES (717, 22, '202007020517', 70);
INSERT INTO `score` VALUES (718, 22, '202007020518', 87);
INSERT INTO `score` VALUES (719, 22, '202007020519', 78);
INSERT INTO `score` VALUES (720, 22, '202007020520', 71);
INSERT INTO `score` VALUES (721, 22, '202007020521', 82);
INSERT INTO `score` VALUES (722, 22, '202007020522', 91);
INSERT INTO `score` VALUES (723, 22, '202007020523', 56);
INSERT INTO `score` VALUES (724, 22, '202007020524', 79);
INSERT INTO `score` VALUES (725, 22, '202007020525', 85);
INSERT INTO `score` VALUES (726, 22, '202007020526', 69);
INSERT INTO `score` VALUES (727, 22, '202007020527', 91);
INSERT INTO `score` VALUES (728, 22, '202007020528', 92);
INSERT INTO `score` VALUES (729, 22, '202007020529', 56);
INSERT INTO `score` VALUES (730, 22, '202007020530', 72);
INSERT INTO `score` VALUES (731, 22, '202007020531', 51);
INSERT INTO `score` VALUES (732, 22, '202007020532', 62);
INSERT INTO `score` VALUES (733, 22, '202007020533', 85);
INSERT INTO `score` VALUES (734, 22, '202007020534', 91);
INSERT INTO `score` VALUES (735, 22, '202007020535', 83);
INSERT INTO `score` VALUES (736, 23, '202007020601', 57);
INSERT INTO `score` VALUES (737, 23, '202007020602', 65);
INSERT INTO `score` VALUES (738, 23, '202007020603', 54);
INSERT INTO `score` VALUES (739, 23, '202007020604', 96);
INSERT INTO `score` VALUES (740, 23, '202007020605', 71);
INSERT INTO `score` VALUES (741, 23, '202007020606', 68);
INSERT INTO `score` VALUES (742, 23, '202007020607', 94);
INSERT INTO `score` VALUES (743, 23, '202007020608', 98);
INSERT INTO `score` VALUES (744, 23, '202007020609', 99);
INSERT INTO `score` VALUES (745, 23, '202007020610', 91);
INSERT INTO `score` VALUES (746, 23, '202007020611', 68);
INSERT INTO `score` VALUES (747, 23, '202007020612', 87);
INSERT INTO `score` VALUES (748, 23, '202007020613', 65);
INSERT INTO `score` VALUES (749, 23, '202007020614', 78);
INSERT INTO `score` VALUES (750, 23, '202007020615', 76);
INSERT INTO `score` VALUES (751, 23, '202007020616', 85);
INSERT INTO `score` VALUES (752, 23, '202007020617', 68);
INSERT INTO `score` VALUES (753, 23, '202007020618', 66);
INSERT INTO `score` VALUES (754, 23, '202007020619', 88);
INSERT INTO `score` VALUES (755, 23, '202007020620', 98);
INSERT INTO `score` VALUES (756, 23, '202007020621', 55);
INSERT INTO `score` VALUES (757, 23, '202007020622', 68);
INSERT INTO `score` VALUES (758, 23, '202007020623', 84);
INSERT INTO `score` VALUES (759, 23, '202007020624', 48);
INSERT INTO `score` VALUES (760, 23, '202007020625', 38);
INSERT INTO `score` VALUES (761, 23, '202007020626', 95);
INSERT INTO `score` VALUES (762, 23, '202007020627', 67);
INSERT INTO `score` VALUES (763, 23, '202007020628', 76);
INSERT INTO `score` VALUES (764, 23, '202007020629', 78);
INSERT INTO `score` VALUES (765, 23, '202007020630', 64);
INSERT INTO `score` VALUES (766, 23, '202007020631', 83);
INSERT INTO `score` VALUES (767, 23, '202007020632', 37);
INSERT INTO `score` VALUES (768, 23, '202007020633', 94);
INSERT INTO `score` VALUES (769, 23, '202007020634', 66);
INSERT INTO `score` VALUES (770, 23, '202007020635', 82);
INSERT INTO `score` VALUES (771, 24, '202007010201', 56);
INSERT INTO `score` VALUES (772, 24, '202007010202', 59);
INSERT INTO `score` VALUES (773, 24, '202007010203', 70);
INSERT INTO `score` VALUES (774, 24, '202007010204', 79);
INSERT INTO `score` VALUES (775, 24, '202007010205', 73);
INSERT INTO `score` VALUES (776, 24, '202007010206', 88);
INSERT INTO `score` VALUES (777, 24, '202007010207', 84);
INSERT INTO `score` VALUES (778, 24, '202007010208', 74);
INSERT INTO `score` VALUES (779, 24, '202007010209', 77);
INSERT INTO `score` VALUES (780, 24, '202007010210', 98);
INSERT INTO `score` VALUES (781, 24, '202007010211', 90);
INSERT INTO `score` VALUES (782, 24, '202007010212', 91);
INSERT INTO `score` VALUES (783, 24, '202007010213', 91);
INSERT INTO `score` VALUES (784, 24, '202007010214', 83);
INSERT INTO `score` VALUES (785, 24, '202007010215', 61);
INSERT INTO `score` VALUES (786, 24, '202007010216', 77);
INSERT INTO `score` VALUES (787, 24, '202007010217', 65);
INSERT INTO `score` VALUES (788, 24, '202007010218', 74);
INSERT INTO `score` VALUES (789, 24, '202007010219', 75);
INSERT INTO `score` VALUES (790, 24, '202007010220', 83);
INSERT INTO `score` VALUES (791, 24, '202007010221', 84);
INSERT INTO `score` VALUES (792, 24, '202007010222', 0);
INSERT INTO `score` VALUES (793, 24, '202007010223', 0);
INSERT INTO `score` VALUES (794, 24, '202007010224', 79);
INSERT INTO `score` VALUES (795, 24, '202007010225', 89);
INSERT INTO `score` VALUES (796, 24, '202007010226', 85);
INSERT INTO `score` VALUES (797, 24, '202007010227', 42);
INSERT INTO `score` VALUES (798, 24, '202007010228', 35);
INSERT INTO `score` VALUES (799, 24, '202007010229', 77);
INSERT INTO `score` VALUES (800, 24, '202007010230', 71);
INSERT INTO `score` VALUES (801, 24, '202007010231', 77);
INSERT INTO `score` VALUES (802, 24, '202007010232', 72);
INSERT INTO `score` VALUES (803, 24, '202007010233', 88);
INSERT INTO `score` VALUES (804, 24, '202007010234', 84);
INSERT INTO `score` VALUES (805, 24, '202007010235', 93);
INSERT INTO `score` VALUES (806, 25, '202007030301', 68);
INSERT INTO `score` VALUES (807, 25, '202007030302', 88);
INSERT INTO `score` VALUES (808, 25, '202007030303', 55);
INSERT INTO `score` VALUES (809, 25, '202007030304', 43);
INSERT INTO `score` VALUES (810, 25, '202007030305', 98);
INSERT INTO `score` VALUES (811, 25, '202007030306', 73);
INSERT INTO `score` VALUES (812, 25, '202007030307', 79);
INSERT INTO `score` VALUES (813, 25, '202007030308', 68);
INSERT INTO `score` VALUES (814, 25, '202007030309', 88);
INSERT INTO `score` VALUES (815, 25, '202007030310', 95);
INSERT INTO `score` VALUES (816, 25, '202007030311', 92);
INSERT INTO `score` VALUES (817, 25, '202007030312', 98);
INSERT INTO `score` VALUES (818, 25, '202007030313', 80);
INSERT INTO `score` VALUES (819, 25, '202007030314', 40);
INSERT INTO `score` VALUES (820, 25, '202007030315', 75);
INSERT INTO `score` VALUES (821, 25, '202007030316', 76);
INSERT INTO `score` VALUES (822, 25, '202007030317', 62);
INSERT INTO `score` VALUES (823, 25, '202007030318', 86);
INSERT INTO `score` VALUES (824, 25, '202007030319', 81);
INSERT INTO `score` VALUES (825, 25, '202007030320', 79);
INSERT INTO `score` VALUES (826, 25, '202007030321', 81);
INSERT INTO `score` VALUES (827, 25, '202007030322', 79);
INSERT INTO `score` VALUES (828, 25, '202007030323', 73);
INSERT INTO `score` VALUES (829, 25, '202007030324', 70);
INSERT INTO `score` VALUES (830, 25, '202007030325', 90);
INSERT INTO `score` VALUES (831, 25, '202007030326', 77);
INSERT INTO `score` VALUES (832, 25, '202007030327', 88);
INSERT INTO `score` VALUES (833, 25, '202007030328', 66);
INSERT INTO `score` VALUES (834, 25, '202007030329', 59);
INSERT INTO `score` VALUES (835, 25, '202007030330', 45);
INSERT INTO `score` VALUES (836, 25, '202007030331', 36);
INSERT INTO `score` VALUES (837, 25, '202007030333', 78);
INSERT INTO `score` VALUES (840, 25, '202007030334', 100);
INSERT INTO `score` VALUES (841, 25, '202007030334', 99);
INSERT INTO `score` VALUES (842, 25, '202007030334', 24);
INSERT INTO `score` VALUES (843, 25, '202007030334', 25);

-- ----------------------------
-- Table structure for student
-- ----------------------------
DROP TABLE IF EXISTS `student`;
CREATE TABLE `student`  (
  `stuNum` char(12) CHARACTER SET utf8mb4 COLLATE utf8mb4_0900_ai_ci NOT NULL,
  `clsId` int NOT NULL,
  `stuName` varchar(20) CHARACTER SET utf8mb4 COLLATE utf8mb4_0900_ai_ci NOT NULL,
  `stuBtd` datetime NOT NULL,
  `pwd` varchar(20) CHARACTER SET utf8mb4 COLLATE utf8mb4_0900_ai_ci NOT NULL,
  `state` int NOT NULL,
  `sex` tinyint NOT NULL,
  `roleId` int NOT NULL,
  `key1` varchar(20) CHARACTER SET utf8mb4 COLLATE utf8mb4_0900_ai_ci NULL DEFAULT NULL,
  `key2` int NULL DEFAULT NULL,
  PRIMARY KEY (`stuNum`) USING BTREE,
  INDEX `FK_classInfo_student_clsId`(`clsId`) USING BTREE
) ENGINE = InnoDB CHARACTER SET = utf8mb4 COLLATE = utf8mb4_0900_ai_ci ROW_FORMAT = Dynamic;

-- ----------------------------
-- Records of student
-- ----------------------------
INSERT INTO `student` VALUES ('123456789321', 38, '123', '2022-01-11 00:00:00', '1', 1, 1, 1, 'null', 0);
INSERT INTO `student` VALUES ('202007010101', 38, '霍凯杰', '2001-09-21 00:00:00', '1', 1, 1, 1, NULL, NULL);
INSERT INTO `student` VALUES ('202007010102', 38, '甄秋', '2001-09-03 00:00:00', '2', 1, 0, 1, NULL, NULL);
INSERT INTO `student` VALUES ('202007010103', 38, '柳玉瑶', '2002-08-21 00:00:00', '1', 1, 0, 1, NULL, NULL);
INSERT INTO `student` VALUES ('202007010104', 38, '乌菲', '2002-05-25 00:00:00', '1', 1, 0, 1, NULL, NULL);
INSERT INTO `student` VALUES ('202007010105', 38, '武义', '2002-02-04 00:00:00', '1', 1, 1, 1, NULL, NULL);
INSERT INTO `student` VALUES ('202007010106', 38, '黄波', '2002-02-13 00:00:00', '2', 1, 1, 1, NULL, NULL);
INSERT INTO `student` VALUES ('202007010107', 38, '刘峰', '2002-05-07 00:00:00', '1', 1, 1, 1, NULL, NULL);
INSERT INTO `student` VALUES ('202007010108', 38, '包凯蓉', '2002-11-13 00:00:00', '1', 1, 0, 1, NULL, NULL);
INSERT INTO `student` VALUES ('202007010109', 38, '满彬', '2002-01-26 00:00:00', '1', 1, 1, 1, NULL, NULL);
INSERT INTO `student` VALUES ('202007010110', 38, '昌文', '2002-06-01 00:00:00', '1', 1, 1, 1, NULL, NULL);
INSERT INTO `student` VALUES ('202007010111', 38, '柳金萍', '2002-09-15 00:00:00', '1', 1, 0, 1, NULL, NULL);
INSERT INTO `student` VALUES ('202007010112', 38, '庄易友', '2002-04-19 00:00:00', '1', 1, 1, 1, NULL, NULL);
INSERT INTO `student` VALUES ('202007010113', 38, '游被芬', '2000-06-02 00:00:00', '1', 1, 0, 1, NULL, NULL);
INSERT INTO `student` VALUES ('202007010114', 38, '辕令瑗', '2001-11-20 00:00:00', '1', 1, 0, 1, NULL, NULL);
INSERT INTO `student` VALUES ('202007010115', 38, '益华', '2002-02-12 00:00:00', '1', 1, 1, 1, 'null', 0);
INSERT INTO `student` VALUES ('202007010116', 38, '荣义珊', '2002-01-26 00:00:00', '1', 1, 0, 1, NULL, NULL);
INSERT INTO `student` VALUES ('202007010117', 38, '郁和', '2002-05-19 00:00:00', '1', 1, 1, 1, NULL, NULL);
INSERT INTO `student` VALUES ('202007010118', 38, '薛栋', '2002-07-18 00:00:00', '1', 1, 1, 1, NULL, NULL);
INSERT INTO `student` VALUES ('202007010119', 38, '娄钰友', '2002-12-29 00:00:00', '1', 1, 1, 1, NULL, NULL);
INSERT INTO `student` VALUES ('202007010120', 38, '延羊秀', '2002-10-01 00:00:00', '1', 1, 0, 1, NULL, NULL);
INSERT INTO `student` VALUES ('202007010121', 38, '庞杰', '2002-03-19 00:00:00', '1', 1, 1, 1, NULL, NULL);
INSERT INTO `student` VALUES ('202007010122', 38, '荣礼瑾', '2002-02-17 00:00:00', '1', 1, 0, 1, NULL, NULL);
INSERT INTO `student` VALUES ('202007010123', 38, '霍婵', '2002-03-14 00:00:00', '1', 1, 0, 1, NULL, NULL);
INSERT INTO `student` VALUES ('202007010124', 38, '戴莺', '2001-03-22 00:00:00', '1', 1, 0, 1, NULL, NULL);
INSERT INTO `student` VALUES ('202007010125', 38, '施金洁', '2000-04-12 00:00:00', '1', 1, 0, 1, NULL, NULL);
INSERT INTO `student` VALUES ('202007010126', 38, '门呼上维', '2002-04-07 00:00:00', '1', 1, 1, 1, NULL, NULL);
INSERT INTO `student` VALUES ('202007010127', 38, '束纯', '2002-01-29 00:00:00', '1', 1, 0, 1, NULL, NULL);
INSERT INTO `student` VALUES ('202007010128', 38, '山易亨', '2002-09-08 00:00:00', '1', 1, 1, 1, NULL, NULL);
INSERT INTO `student` VALUES ('202007010129', 38, '弓菊', '2002-07-01 00:00:00', '1', 1, 0, 1, NULL, NULL);
INSERT INTO `student` VALUES ('202007010130', 38, '岑电真', '2002-02-01 00:00:00', '1', 1, 0, 1, NULL, NULL);
INSERT INTO `student` VALUES ('202007010131', 38, '陈超', '2000-08-09 00:00:00', '1', 1, 1, 1, NULL, NULL);
INSERT INTO `student` VALUES ('202007010132', 38, '时琬', '2002-01-11 00:00:00', '1', 1, 0, 1, NULL, NULL);
INSERT INTO `student` VALUES ('202007010133', 38, '鲁学', '2002-08-25 00:00:00', '1', 1, 1, 1, NULL, NULL);
INSERT INTO `student` VALUES ('202007010134', 38, '封华', '2000-09-23 00:00:00', '1', 1, 0, 1, NULL, NULL);
INSERT INTO `student` VALUES ('202007010135', 38, '崔雅', '2002-04-06 00:00:00', '1', 1, 0, 1, NULL, NULL);
INSERT INTO `student` VALUES ('202007010201', 47, '郁马弘', '2001-12-01 00:00:00', '1', 1, 1, 1, NULL, NULL);
INSERT INTO `student` VALUES ('202007010202', 47, '邓义启', '2002-06-02 00:00:00', '1', 1, 1, 1, NULL, NULL);
INSERT INTO `student` VALUES ('202007010203', 47, '刁中艳', '2002-05-19 00:00:00', '1', 1, 0, 1, NULL, NULL);
INSERT INTO `student` VALUES ('202007010204', 47, '韶忠芳', '2002-08-21 00:00:00', '1', 1, 0, 1, NULL, NULL);
INSERT INTO `student` VALUES ('202007010205', 47, '红马广', '2002-09-01 00:00:00', '1', 1, 1, 1, NULL, NULL);
INSERT INTO `student` VALUES ('202007010206', 47, '钟离马榕', '2001-07-15 00:00:00', '1', 1, 1, 1, NULL, NULL);
INSERT INTO `student` VALUES ('202007010207', 47, '宣新', '2001-01-01 00:00:00', '1', 1, 1, 1, NULL, NULL);
INSERT INTO `student` VALUES ('202007010208', 47, '逄民', '2002-02-22 00:00:00', '1', 1, 1, 1, NULL, NULL);
INSERT INTO `student` VALUES ('202007010209', 47, '萧友刚', '2002-05-18 00:00:00', '1', 1, 1, 1, NULL, NULL);
INSERT INTO `student` VALUES ('202007010210', 47, '甄九贞', '2002-05-23 00:00:00', '1', 1, 0, 1, NULL, NULL);
INSERT INTO `student` VALUES ('202007010211', 47, '牛上武', '2002-11-11 00:00:00', '1', 1, 1, 1, NULL, NULL);
INSERT INTO `student` VALUES ('202007010212', 47, '葛孝平', '2002-04-15 00:00:00', '1', 1, 1, 1, NULL, NULL);
INSERT INTO `student` VALUES ('202007010213', 47, '左振', '2002-06-03 00:00:00', '1', 1, 1, 1, NULL, NULL);
INSERT INTO `student` VALUES ('202007010214', 47, '王文', '2001-02-22 00:00:00', '1', 1, 1, 1, NULL, NULL);
INSERT INTO `student` VALUES ('202007010215', 47, '隗凯力', '2002-07-01 00:00:00', '1', 1, 1, 1, NULL, NULL);
INSERT INTO `student` VALUES ('202007010216', 47, '屈林', '2001-04-10 00:00:00', '1', 1, 1, 1, NULL, NULL);
INSERT INTO `student` VALUES ('202007010217', 47, '陶仁洁', '2002-02-27 00:00:00', '1', 1, 0, 1, NULL, NULL);
INSERT INTO `student` VALUES ('202007010218', 47, '田卡冰', '2002-07-30 00:00:00', '1', 1, 0, 1, NULL, NULL);
INSERT INTO `student` VALUES ('202007010219', 47, '梅瑞', '2002-03-08 00:00:00', '1', 1, 0, 1, NULL, NULL);
INSERT INTO `student` VALUES ('202007010220', 47, '云君', '2002-01-23 00:00:00', '1', 1, 0, 1, NULL, NULL);
INSERT INTO `student` VALUES ('202007010221', 47, '容霞', '2002-01-17 00:00:00', '1', 1, 0, 1, NULL, NULL);
INSERT INTO `student` VALUES ('202007010222', 47, '罗飘', '2002-10-22 00:00:00', '1', 1, 0, 1, NULL, NULL);
INSERT INTO `student` VALUES ('202007010223', 47, '粱怡', '2001-07-16 00:00:00', '1', 1, 0, 1, NULL, NULL);
INSERT INTO `student` VALUES ('202007010224', 47, '呼延金义', '2002-07-14 00:00:00', '1', 1, 1, 1, NULL, NULL);
INSERT INTO `student` VALUES ('202007010225', 47, '顾士', '2002-11-11 00:00:00', '1', 1, 1, 1, NULL, NULL);
INSERT INTO `student` VALUES ('202007010226', 47, '韶贝融', '2001-07-17 00:00:00', '1', 1, 0, 1, NULL, NULL);
INSERT INTO `student` VALUES ('202007010227', 47, '龚电滢', '2002-04-01 00:00:00', '1', 1, 0, 1, NULL, NULL);
INSERT INTO `student` VALUES ('202007010228', 47, '贺凡', '2000-12-04 00:00:00', '1', 1, 0, 1, NULL, NULL);
INSERT INTO `student` VALUES ('202007010229', 47, '龙豪', '2002-02-02 00:00:00', '1', 1, 1, 1, NULL, NULL);
INSERT INTO `student` VALUES ('202007010230', 47, '左贝艺', '2000-05-09 00:00:00', '1', 1, 0, 1, NULL, NULL);
INSERT INTO `student` VALUES ('202007010231', 47, '符俊', '2002-03-26 00:00:00', '1', 1, 1, 1, NULL, NULL);
INSERT INTO `student` VALUES ('202007010232', 47, '弓歌时', '2002-08-11 00:00:00', '1', 1, 1, 1, NULL, NULL);
INSERT INTO `student` VALUES ('202007010233', 47, '芮忠义', '2002-07-22 00:00:00', '1', 1, 1, 1, NULL, NULL);
INSERT INTO `student` VALUES ('202007010234', 47, '方艳', '2002-01-21 00:00:00', '1', 1, 0, 1, NULL, NULL);
INSERT INTO `student` VALUES ('202007010235', 47, '边君', '1999-10-13 00:00:00', '1', 1, 0, 1, NULL, NULL);
INSERT INTO `student` VALUES ('202007020101', 39, '乐礼佳', '2002-06-20 00:00:00', '1', 1, 0, 1, NULL, NULL);
INSERT INTO `student` VALUES ('202007020102', 39, '葛承', '2002-12-25 00:00:00', '1', 1, 1, 1, NULL, NULL);
INSERT INTO `student` VALUES ('202007020103', 39, '云燕', '2002-03-22 00:00:00', '1', 1, 0, 1, NULL, NULL);
INSERT INTO `student` VALUES ('202007020104', 39, '史春', '2002-11-02 00:00:00', '1', 1, 0, 1, NULL, NULL);
INSERT INTO `student` VALUES ('202007020105', 39, '殴清', '2000-10-18 00:00:00', '1', 1, 1, 1, NULL, NULL);
INSERT INTO `student` VALUES ('202007020106', 39, '滕伊', '2003-06-26 00:00:00', '1', 1, 0, 1, NULL, NULL);
INSERT INTO `student` VALUES ('202007020107', 39, '满马蕊', '2001-01-26 00:00:00', '1', 1, 0, 1, NULL, NULL);
INSERT INTO `student` VALUES ('202007020108', 39, '骆昌', '2003-11-18 00:00:00', '1', 1, 1, 1, NULL, NULL);
INSERT INTO `student` VALUES ('202007020109', 39, '车澜', '2001-09-12 00:00:00', '1', 1, 0, 1, NULL, NULL);
INSERT INTO `student` VALUES ('202007020110', 39, '寿琼', '2002-11-26 00:00:00', '1', 1, 0, 1, NULL, NULL);
INSERT INTO `student` VALUES ('202007020111', 39, '尤庆', '2002-08-21 00:00:00', '1', 1, 1, 1, NULL, NULL);
INSERT INTO `student` VALUES ('202007020112', 39, '万策', '2002-12-02 00:00:00', '1', 1, 1, 1, NULL, NULL);
INSERT INTO `student` VALUES ('202007020113', 39, '裴友国', '2001-03-02 00:00:00', '1', 1, 1, 1, NULL, NULL);
INSERT INTO `student` VALUES ('202007020114', 39, '刘琦', '2002-06-04 00:00:00', '1', 1, 0, 1, NULL, NULL);
INSERT INTO `student` VALUES ('202007020115', 39, '刁维', '2001-01-12 00:00:00', '1', 1, 1, 1, NULL, NULL);
INSERT INTO `student` VALUES ('202007020116', 39, '荣凯琛', '2002-05-07 00:00:00', '1', 1, 1, 1, NULL, NULL);
INSERT INTO `student` VALUES ('202007020117', 39, '侯诸蓓', '2002-03-05 00:00:00', '1', 1, 0, 1, NULL, NULL);
INSERT INTO `student` VALUES ('202007020118', 39, '田器雅', '2002-11-26 00:00:00', '1', 1, 0, 1, NULL, NULL);
INSERT INTO `student` VALUES ('202007020119', 39, '尤钰荣', '2002-07-29 00:00:00', '1', 1, 0, 1, NULL, NULL);
INSERT INTO `student` VALUES ('202007020120', 39, '国谦', '2002-08-27 00:00:00', '1', 1, 1, 1, NULL, NULL);
INSERT INTO `student` VALUES ('202007020121', 39, '步以', '2002-02-28 00:00:00', '1', 1, 1, 1, NULL, NULL);
INSERT INTO `student` VALUES ('202007020122', 39, '胡友馨', '1999-01-29 00:00:00', '1', 1, 0, 1, NULL, NULL);
INSERT INTO `student` VALUES ('202007020123', 39, '许礼成', '2002-03-28 00:00:00', '1', 1, 1, 1, NULL, NULL);
INSERT INTO `student` VALUES ('202007020124', 39, '乌姣', '2002-12-01 00:00:00', '1', 1, 0, 1, NULL, NULL);
INSERT INTO `student` VALUES ('202007020125', 39, '高中信', '2002-10-24 00:00:00', '1', 1, 1, 1, NULL, NULL);
INSERT INTO `student` VALUES ('202007020126', 39, '戚瑾', '2002-07-25 00:00:00', '1', 1, 0, 1, NULL, NULL);
INSERT INTO `student` VALUES ('202007020127', 39, '赵歌妍', '2002-04-06 00:00:00', '1', 1, 0, 1, NULL, NULL);
INSERT INTO `student` VALUES ('202007020128', 39, '巴伊', '2002-05-13 00:00:00', '1', 1, 0, 1, NULL, NULL);
INSERT INTO `student` VALUES ('202007020129', 39, '符笑强', '2002-04-07 00:00:00', '1', 1, 1, 1, NULL, NULL);
INSERT INTO `student` VALUES ('202007020130', 39, '牧卡珠', '2002-02-14 00:00:00', '1', 1, 0, 1, NULL, NULL);
INSERT INTO `student` VALUES ('202007020131', 39, '卜卿', '2002-06-13 00:00:00', '1', 1, 0, 1, NULL, NULL);
INSERT INTO `student` VALUES ('202007020132', 39, '芮器学', '2002-02-14 00:00:00', '1', 1, 1, 1, NULL, NULL);
INSERT INTO `student` VALUES ('202007020133', 39, '淳于琛', '2002-06-25 00:00:00', '1', 1, 1, 1, NULL, NULL);
INSERT INTO `student` VALUES ('202007020134', 39, '晋都星', '2002-03-15 00:00:00', '1', 1, 1, 1, NULL, NULL);
INSERT INTO `student` VALUES ('202007020135', 39, '奚飞', '2002-11-21 00:00:00', '1', 1, 1, 1, NULL, NULL);
INSERT INTO `student` VALUES ('202007020201', 41, '范聪', '2002-10-25 00:00:00', '1', 1, 0, 1, NULL, NULL);
INSERT INTO `student` VALUES ('202007020202', 41, '跋夹易德', '2002-11-29 00:00:00', '1', 1, 1, 1, NULL, NULL);
INSERT INTO `student` VALUES ('202007020203', 41, '郁卡裕', '2001-05-09 00:00:00', '1', 1, 1, 1, NULL, NULL);
INSERT INTO `student` VALUES ('202007020204', 41, '邵策', '2002-07-01 00:00:00', '1', 1, 1, 1, NULL, NULL);
INSERT INTO `student` VALUES ('202007020205', 41, '陶笑和', '2002-06-28 00:00:00', '1', 1, 1, 1, NULL, NULL);
INSERT INTO `student` VALUES ('202007020206', 41, '衡玉娟', '2002-08-13 00:00:00', '1', 1, 0, 1, NULL, NULL);
INSERT INTO `student` VALUES ('202007020207', 41, '耿九行', '2001-01-18 00:00:00', '1', 1, 1, 1, NULL, NULL);
INSERT INTO `student` VALUES ('202007020208', 41, '傅春', '2002-03-25 00:00:00', '1', 1, 0, 1, NULL, NULL);
INSERT INTO `student` VALUES ('202007020209', 41, '孔元', '2001-02-21 00:00:00', '1', 1, 1, 1, NULL, NULL);
INSERT INTO `student` VALUES ('202007020210', 41, '薛平', '2002-04-23 00:00:00', '1', 1, 1, 1, NULL, NULL);
INSERT INTO `student` VALUES ('202007020211', 41, '童有', '2002-01-12 00:00:00', '1', 1, 1, 1, NULL, NULL);
INSERT INTO `student` VALUES ('202007020212', 41, '苍都玲', '2002-09-12 00:00:00', '1', 1, 0, 1, NULL, NULL);
INSERT INTO `student` VALUES ('202007020213', 41, '殴金林', '2002-10-28 00:00:00', '1', 1, 1, 1, NULL, NULL);
INSERT INTO `student` VALUES ('202007020214', 41, '和信绍', '2002-10-04 00:00:00', '1', 1, 1, 1, NULL, NULL);
INSERT INTO `student` VALUES ('202007020215', 41, '卫枫', '2002-04-05 00:00:00', '1', 1, 0, 1, NULL, NULL);
INSERT INTO `student` VALUES ('202007020216', 41, '左巧', '2002-09-25 00:00:00', '1', 1, 0, 1, NULL, NULL);
INSERT INTO `student` VALUES ('202007020217', 41, '邬行', '2002-05-26 00:00:00', '1', 1, 1, 1, NULL, NULL);
INSERT INTO `student` VALUES ('202007020218', 41, '景义璐', '2002-09-26 00:00:00', '1', 1, 0, 1, NULL, NULL);
INSERT INTO `student` VALUES ('202007020219', 41, '程孝莉', '2002-04-11 00:00:00', '1', 1, 0, 1, NULL, NULL);
INSERT INTO `student` VALUES ('202007020220', 41, '狄礼妍', '2002-04-08 00:00:00', '1', 1, 0, 1, NULL, NULL);
INSERT INTO `student` VALUES ('202007020221', 41, '鲁钰翔', '2002-03-11 00:00:00', '1', 1, 1, 1, NULL, NULL);
INSERT INTO `student` VALUES ('202007020222', 41, '霍易琴', '2002-02-07 00:00:00', '1', 1, 0, 1, NULL, NULL);
INSERT INTO `student` VALUES ('202007020223', 41, '诸葛以', '2002-07-19 00:00:00', '1', 1, 1, 1, NULL, NULL);
INSERT INTO `student` VALUES ('202007020224', 41, '刘霭', '2001-05-14 00:00:00', '1', 1, 0, 1, NULL, NULL);
INSERT INTO `student` VALUES ('202007020225', 41, '申屠策', '2002-04-17 00:00:00', '1', 1, 1, 1, NULL, NULL);
INSERT INTO `student` VALUES ('202007020226', 41, '奚仁思', '2002-01-21 00:00:00', '1', 1, 1, 1, NULL, NULL);
INSERT INTO `student` VALUES ('202007020227', 41, '谷宰亚', '2002-12-08 00:00:00', '1', 1, 0, 1, NULL, NULL);
INSERT INTO `student` VALUES ('202007020228', 41, '劳钰秀', '2002-10-29 00:00:00', '1', 1, 0, 1, NULL, NULL);
INSERT INTO `student` VALUES ('202007020229', 41, '舌微世', '2002-01-26 00:00:00', '1', 1, 1, 1, NULL, NULL);
INSERT INTO `student` VALUES ('202007020230', 41, '通壮', '2002-06-04 00:00:00', '1', 1, 1, 1, NULL, NULL);
INSERT INTO `student` VALUES ('202007020231', 41, '包友', '2001-01-22 00:00:00', '1', 1, 1, 1, NULL, NULL);
INSERT INTO `student` VALUES ('202007020232', 41, '闻人器蓓', '2002-04-01 00:00:00', '1', 1, 0, 1, NULL, NULL);
INSERT INTO `student` VALUES ('202007020233', 41, '储天', '2002-12-02 00:00:00', '1', 1, 1, 1, NULL, NULL);
INSERT INTO `student` VALUES ('202007020234', 41, '云卡叶', '2002-03-14 00:00:00', '1', 1, 0, 1, NULL, NULL);
INSERT INTO `student` VALUES ('202007020235', 41, '冉娴', '2002-06-13 00:00:00', '1', 1, 0, 1, NULL, NULL);
INSERT INTO `student` VALUES ('202007020301', 42, '俞先', '2002-02-12 00:00:00', '1', 1, 1, 1, NULL, NULL);
INSERT INTO `student` VALUES ('202007020302', 42, '林蓉', '2001-12-04 00:00:00', '1', 1, 0, 1, NULL, NULL);
INSERT INTO `student` VALUES ('202007020303', 42, '陈松', '2002-02-16 00:00:00', '1', 1, 1, 1, NULL, NULL);
INSERT INTO `student` VALUES ('202007020304', 42, '方伊', '2000-08-11 00:00:00', '1', 1, 0, 1, NULL, NULL);
INSERT INTO `student` VALUES ('202007020305', 42, '殷金妍', '2002-04-13 00:00:00', '1', 1, 0, 1, NULL, NULL);
INSERT INTO `student` VALUES ('202007020306', 42, '刁谦', '2001-07-24 00:00:00', '1', 1, 1, 1, NULL, NULL);
INSERT INTO `student` VALUES ('202007020307', 42, '东方嘉', '2002-08-09 00:00:00', '1', 1, 0, 1, NULL, NULL);
INSERT INTO `student` VALUES ('202007020308', 42, '柳易璧', '2002-10-27 00:00:00', '1', 1, 0, 1, NULL, NULL);
INSERT INTO `student` VALUES ('202007020309', 42, '东易和', '2000-09-22 00:00:00', '1', 1, 1, 1, NULL, NULL);
INSERT INTO `student` VALUES ('202007020310', 42, '计贝哲', '2002-08-25 00:00:00', '1', 1, 1, 1, NULL, NULL);
INSERT INTO `student` VALUES ('202007020311', 42, '潘凝', '2000-07-10 00:00:00', '1', 1, 0, 1, NULL, NULL);
INSERT INTO `student` VALUES ('202007020312', 42, '夹谷昌', '2002-05-29 00:00:00', '1', 1, 1, 1, NULL, NULL);
INSERT INTO `student` VALUES ('202007020313', 42, '董都伯', '2002-05-10 00:00:00', '1', 1, 1, 1, NULL, NULL);
INSERT INTO `student` VALUES ('202007020314', 42, '谷友凝', '2002-10-07 00:00:00', '1', 1, 0, 1, NULL, NULL);
INSERT INTO `student` VALUES ('202007020315', 42, '殴金希', '2002-01-27 00:00:00', '1', 1, 0, 1, NULL, NULL);
INSERT INTO `student` VALUES ('202007020316', 42, '居星', '2001-01-18 00:00:00', '1', 1, 1, 1, NULL, NULL);
INSERT INTO `student` VALUES ('202007020317', 42, '盖上颖', '2001-09-30 00:00:00', '1', 1, 0, 1, NULL, NULL);
INSERT INTO `student` VALUES ('202007020318', 42, '盛易韵', '2002-03-16 00:00:00', '1', 1, 0, 1, NULL, NULL);
INSERT INTO `student` VALUES ('202007020319', 42, '百里仁栋', '2001-03-29 00:00:00', '1', 1, 1, 1, NULL, NULL);
INSERT INTO `student` VALUES ('202007020320', 42, '雷无聪', '2002-05-16 00:00:00', '1', 1, 0, 1, NULL, NULL);
INSERT INTO `student` VALUES ('202007020321', 42, '都菊', '2002-12-23 00:00:00', '1', 1, 0, 1, NULL, NULL);
INSERT INTO `student` VALUES ('202007020322', 42, '席进', '2002-03-20 00:00:00', '1', 1, 1, 1, NULL, NULL);
INSERT INTO `student` VALUES ('202007020323', 42, '干利', '2002-06-10 00:00:00', '1', 1, 1, 1, NULL, NULL);
INSERT INTO `student` VALUES ('202007020324', 42, '宗梁', '2002-08-18 00:00:00', '1', 1, 1, 1, NULL, NULL);
INSERT INTO `student` VALUES ('202007020325', 42, '巴珠', '2001-08-14 00:00:00', '1', 1, 0, 1, NULL, NULL);
INSERT INTO `student` VALUES ('202007020326', 42, '孙被维', '2002-10-10 00:00:00', '1', 1, 1, 1, NULL, NULL);
INSERT INTO `student` VALUES ('202007020327', 42, '松玉哲', '2001-07-17 00:00:00', '1', 1, 1, 1, NULL, NULL);
INSERT INTO `student` VALUES ('202007020328', 42, '安欣', '2001-03-30 00:00:00', '1', 1, 0, 1, NULL, NULL);
INSERT INTO `student` VALUES ('202007020329', 42, '杭凤', '2002-09-09 00:00:00', '1', 1, 0, 1, NULL, NULL);
INSERT INTO `student` VALUES ('202007020330', 42, '吕广', '2002-05-08 00:00:00', '1', 1, 1, 1, NULL, NULL);
INSERT INTO `student` VALUES ('202007020331', 42, '诸电冰', '2001-06-05 00:00:00', '1', 1, 0, 1, NULL, NULL);
INSERT INTO `student` VALUES ('202007020332', 42, '韶被义', '2000-04-30 00:00:00', '1', 1, 1, 1, NULL, NULL);
INSERT INTO `student` VALUES ('202007020333', 42, '卞孝龙', '2002-06-23 00:00:00', '1', 1, 1, 1, NULL, NULL);
INSERT INTO `student` VALUES ('202007020334', 42, '林无思', '2001-02-01 00:00:00', '1', 1, 0, 1, NULL, NULL);
INSERT INTO `student` VALUES ('202007020335', 42, '官欧上盛', '2002-11-14 00:00:00', '1', 1, 1, 1, NULL, NULL);
INSERT INTO `student` VALUES ('202007020401', 44, '江凯慧', '2000-04-06 00:00:00', '1', 1, 0, 1, NULL, NULL);
INSERT INTO `student` VALUES ('202007020402', 44, '茹卿', '2002-12-17 00:00:00', '1', 1, 0, 1, NULL, NULL);
INSERT INTO `student` VALUES ('202007020403', 44, '单于贝伊', '2002-02-21 00:00:00', '1', 1, 0, 1, NULL, NULL);
INSERT INTO `student` VALUES ('202007020404', 44, '卫九策', '2001-04-17 00:00:00', '1', 1, 1, 1, NULL, NULL);
INSERT INTO `student` VALUES ('202007020405', 44, '成有', '2002-07-24 00:00:00', '1', 1, 1, 1, NULL, NULL);
INSERT INTO `student` VALUES ('202007020406', 44, '邱叶', '2001-09-17 00:00:00', '1', 1, 0, 1, NULL, NULL);
INSERT INTO `student` VALUES ('202007020407', 44, '乔无旭', '2002-01-01 00:00:00', '1', 1, 1, 1, NULL, NULL);
INSERT INTO `student` VALUES ('202007020408', 44, '凤凯宜', '2001-01-29 00:00:00', '1', 1, 0, 1, NULL, NULL);
INSERT INTO `student` VALUES ('202007020409', 44, '殴金庆', '2000-03-01 00:00:00', '1', 1, 1, 1, NULL, NULL);
INSERT INTO `student` VALUES ('202007020410', 44, '叶炎', '2001-10-12 00:00:00', '1', 1, 1, 1, NULL, NULL);
INSERT INTO `student` VALUES ('202007020411', 44, '范电香', '2003-11-10 00:00:00', '1', 1, 0, 1, NULL, NULL);
INSERT INTO `student` VALUES ('202007020412', 44, '甄被辰', '2002-07-13 00:00:00', '1', 1, 1, 1, NULL, NULL);
INSERT INTO `student` VALUES ('202007020413', 44, '翁君', '2002-03-12 00:00:00', '1', 1, 0, 1, NULL, NULL);
INSERT INTO `student` VALUES ('202007020414', 44, '陶上江', '2002-10-14 00:00:00', '1', 1, 1, 1, NULL, NULL);
INSERT INTO `student` VALUES ('202007020415', 44, '姜仁宁', '2002-03-17 00:00:00', '1', 1, 0, 1, NULL, NULL);
INSERT INTO `student` VALUES ('202007020416', 44, '万器霞', '2002-01-01 00:00:00', '1', 1, 0, 1, NULL, NULL);
INSERT INTO `student` VALUES ('202007020417', 44, '龚礼蓓', '2002-02-03 00:00:00', '1', 1, 0, 1, NULL, NULL);
INSERT INTO `student` VALUES ('202007020418', 44, '向忠羽', '2002-06-03 00:00:00', '1', 1, 0, 1, NULL, NULL);
INSERT INTO `student` VALUES ('202007020419', 44, '郑信馥', '2002-09-13 00:00:00', '1', 1, 0, 1, NULL, NULL);
INSERT INTO `student` VALUES ('202007020420', 44, '符宜', '2002-03-23 00:00:00', '1', 1, 0, 1, NULL, NULL);
INSERT INTO `student` VALUES ('202007020421', 44, '乔智成', '2002-02-16 00:00:00', '1', 1, 1, 1, NULL, NULL);
INSERT INTO `student` VALUES ('202007020422', 44, '危嘉', '2002-03-18 00:00:00', '1', 1, 0, 1, NULL, NULL);
INSERT INTO `student` VALUES ('202007020423', 44, '曹歌枫', '2002-03-20 00:00:00', '1', 1, 0, 1, NULL, NULL);
INSERT INTO `student` VALUES ('202007020424', 44, '益霭', '2001-06-18 00:00:00', '1', 1, 0, 1, NULL, NULL);
INSERT INTO `student` VALUES ('202007020425', 44, '计筠', '2002-08-07 00:00:00', '1', 1, 0, 1, NULL, NULL);
INSERT INTO `student` VALUES ('202007020426', 44, '冀澜', '2000-11-28 00:00:00', '1', 1, 0, 1, NULL, NULL);
INSERT INTO `student` VALUES ('202007020427', 44, '危都萍', '2002-05-12 00:00:00', '1', 1, 0, 1, NULL, NULL);
INSERT INTO `student` VALUES ('202007020428', 44, '戴歌玲', '2002-05-08 00:00:00', '1', 1, 0, 1, NULL, NULL);
INSERT INTO `student` VALUES ('202007020429', 44, '祁莉', '2002-09-14 00:00:00', '1', 1, 0, 1, NULL, NULL);
INSERT INTO `student` VALUES ('202007020430', 44, '侯礼蓉', '2002-03-26 00:00:00', '1', 1, 0, 1, NULL, NULL);
INSERT INTO `student` VALUES ('202007020431', 44, '屈中先', '2002-11-18 00:00:00', '1', 1, 1, 1, NULL, NULL);
INSERT INTO `student` VALUES ('202007020432', 44, '唐克', '2002-09-25 00:00:00', '1', 1, 1, 1, NULL, NULL);
INSERT INTO `student` VALUES ('202007020433', 44, '姚薇', '2001-06-14 00:00:00', '1', 1, 0, 1, NULL, NULL);
INSERT INTO `student` VALUES ('202007020434', 44, '屈锦', '2002-04-02 00:00:00', '1', 1, 0, 1, NULL, NULL);
INSERT INTO `student` VALUES ('202007020435', 44, '盛凯滢', '2000-09-29 00:00:00', '1', 1, 0, 1, NULL, NULL);
INSERT INTO `student` VALUES ('202007020501', 45, '羊上军', '2002-03-09 00:00:00', '1', 1, 1, 1, NULL, NULL);
INSERT INTO `student` VALUES ('202007020502', 45, '尹被珍', '2001-09-26 00:00:00', '1', 1, 0, 1, NULL, NULL);
INSERT INTO `student` VALUES ('202007020503', 45, '禹士', '1999-06-14 00:00:00', '1', 1, 1, 1, NULL, NULL);
INSERT INTO `student` VALUES ('202007020504', 45, '都爽', '2002-02-11 00:00:00', '1', 1, 0, 1, NULL, NULL);
INSERT INTO `student` VALUES ('202007020505', 45, '洪彩', '2002-03-07 00:00:00', '1', 1, 0, 1, NULL, NULL);
INSERT INTO `student` VALUES ('202007020506', 45, '殷智乐', '2002-12-07 00:00:00', '1', 1, 1, 1, NULL, NULL);
INSERT INTO `student` VALUES ('202007020507', 45, '西门维', '1999-01-18 00:00:00', '1', 1, 1, 1, NULL, NULL);
INSERT INTO `student` VALUES ('202007020508', 45, '高仁振', '1999-09-14 00:00:00', '1', 1, 1, 1, NULL, NULL);
INSERT INTO `student` VALUES ('202007020509', 45, '弓器翔', '2003-05-19 00:00:00', '1', 1, 1, 1, NULL, NULL);
INSERT INTO `student` VALUES ('202007020510', 45, '满好蓓', '2001-11-15 00:00:00', '1', 1, 0, 1, NULL, NULL);
INSERT INTO `student` VALUES ('202007020511', 45, '孔友娟', '2002-07-29 00:00:00', '1', 1, 0, 1, NULL, NULL);
INSERT INTO `student` VALUES ('202007020512', 45, '崔瑾', '2002-05-20 00:00:00', '1', 1, 0, 1, NULL, NULL);
INSERT INTO `student` VALUES ('202007020513', 45, '朱瑾', '2002-02-17 00:00:00', '1', 1, 0, 1, NULL, NULL);
INSERT INTO `student` VALUES ('202007020514', 45, '茹荷', '2002-07-12 00:00:00', '1', 1, 0, 1, NULL, NULL);
INSERT INTO `student` VALUES ('202007020515', 45, '公冶琳', '2001-05-14 00:00:00', '1', 1, 0, 1, NULL, NULL);
INSERT INTO `student` VALUES ('202007020516', 45, '符电环', '2002-11-30 00:00:00', '1', 1, 0, 1, NULL, NULL);
INSERT INTO `student` VALUES ('202007020517', 45, '东明', '2001-08-10 00:00:00', '1', 1, 1, 1, NULL, NULL);
INSERT INTO `student` VALUES ('202007020518', 45, '屈鹏', '2001-10-27 00:00:00', '1', 1, 1, 1, NULL, NULL);
INSERT INTO `student` VALUES ('202007020519', 45, '奚都蓓', '2000-06-19 00:00:00', '1', 1, 0, 1, NULL, NULL);
INSERT INTO `student` VALUES ('202007020520', 45, '冉晨', '2001-03-22 00:00:00', '1', 1, 1, 1, NULL, NULL);
INSERT INTO `student` VALUES ('202007020521', 45, '周易华', '2002-08-03 00:00:00', '1', 1, 0, 1, NULL, NULL);
INSERT INTO `student` VALUES ('202007020522', 45, '童钰静', '2002-08-17 00:00:00', '1', 1, 0, 1, NULL, NULL);
INSERT INTO `student` VALUES ('202007020523', 45, '双玉咏', '2002-08-12 00:00:00', '1', 1, 0, 1, NULL, NULL);
INSERT INTO `student` VALUES ('202007020524', 45, '洪加蓉', '2001-05-19 00:00:00', '1', 1, 0, 1, NULL, NULL);
INSERT INTO `student` VALUES ('202007020525', 45, '洪树', '2002-01-09 00:00:00', '1', 1, 1, 1, NULL, NULL);
INSERT INTO `student` VALUES ('202007020526', 45, '卞都玉', '2002-10-20 00:00:00', '1', 1, 0, 1, NULL, NULL);
INSERT INTO `student` VALUES ('202007020527', 45, '阳淳秋', '2002-12-08 00:00:00', '1', 1, 0, 1, NULL, NULL);
INSERT INTO `student` VALUES ('202007020528', 45, '单才', '2001-02-05 00:00:00', '1', 1, 1, 1, NULL, NULL);
INSERT INTO `student` VALUES ('202007020529', 45, '韦凯珍', '2001-07-10 00:00:00', '1', 1, 0, 1, NULL, NULL);
INSERT INTO `student` VALUES ('202007020530', 45, '鲍伊', '2002-08-22 00:00:00', '1', 1, 0, 1, NULL, NULL);
INSERT INTO `student` VALUES ('202007020531', 45, '益慧', '2002-09-28 00:00:00', '1', 1, 0, 1, NULL, NULL);
INSERT INTO `student` VALUES ('202007020532', 45, '司徒元', '2002-11-02 00:00:00', '1', 1, 1, 1, NULL, NULL);
INSERT INTO `student` VALUES ('202007020533', 45, '隗智国', '2002-06-12 00:00:00', '1', 1, 1, 1, NULL, NULL);
INSERT INTO `student` VALUES ('202007020534', 45, '邬冠', '2002-06-20 00:00:00', '1', 1, 1, 1, NULL, NULL);
INSERT INTO `student` VALUES ('202007020535', 45, '卢孝昌', '2000-08-27 00:00:00', '1', 1, 1, 1, NULL, NULL);
INSERT INTO `student` VALUES ('202007020601', 46, '芮宜', '2001-07-05 00:00:00', '1', 1, 0, 1, NULL, NULL);
INSERT INTO `student` VALUES ('202007020602', 46, '谷宰卡薇', '2002-08-20 00:00:00', '1', 1, 0, 1, NULL, NULL);
INSERT INTO `student` VALUES ('202007020603', 46, '雷鹏', '2001-10-29 00:00:00', '1', 1, 1, 1, NULL, NULL);
INSERT INTO `student` VALUES ('202007020604', 46, '弓凯凡', '2000-05-17 00:00:00', '1', 1, 0, 1, NULL, NULL);
INSERT INTO `student` VALUES ('202007020605', 46, '严蓓', '2002-03-02 00:00:00', '1', 1, 0, 1, NULL, NULL);
INSERT INTO `student` VALUES ('202007020606', 46, '湛孝绍', '2002-12-26 00:00:00', '1', 1, 1, 1, NULL, NULL);
INSERT INTO `student` VALUES ('202007020607', 46, '容金泰', '2002-04-22 00:00:00', '1', 1, 1, 1, NULL, NULL);
INSERT INTO `student` VALUES ('202007020608', 46, '孙中震', '2001-03-04 00:00:00', '1', 1, 1, 1, NULL, NULL);
INSERT INTO `student` VALUES ('202007020609', 46, '冀聪', '2002-04-13 00:00:00', '1', 1, 0, 1, NULL, NULL);
INSERT INTO `student` VALUES ('202007020610', 46, '双婵', '2002-04-01 00:00:00', '1', 1, 0, 1, NULL, NULL);
INSERT INTO `student` VALUES ('202007020611', 46, '邴谦', '2002-11-29 00:00:00', '1', 1, 1, 1, NULL, NULL);
INSERT INTO `student` VALUES ('202007020612', 46, '缪国', '2002-10-09 00:00:00', '1', 1, 1, 1, NULL, NULL);
INSERT INTO `student` VALUES ('202007020613', 46, '国茗', '2002-03-11 00:00:00', '1', 1, 0, 1, NULL, NULL);
INSERT INTO `student` VALUES ('202007020614', 46, '国信', '2000-12-21 00:00:00', '1', 1, 1, 1, NULL, NULL);
INSERT INTO `student` VALUES ('202007020615', 46, '季忠雁', '2002-03-21 00:00:00', '1', 1, 0, 1, NULL, NULL);
INSERT INTO `student` VALUES ('202007020616', 46, '红燕', '2000-12-27 00:00:00', '1', 1, 0, 1, NULL, NULL);
INSERT INTO `student` VALUES ('202007020617', 46, '温电彩', '2002-12-13 00:00:00', '1', 1, 0, 1, NULL, NULL);
INSERT INTO `student` VALUES ('202007020618', 46, '熊瑗', '2002-07-18 00:00:00', '1', 1, 0, 1, NULL, NULL);
INSERT INTO `student` VALUES ('202007020619', 46, '钟爽', '2002-01-06 00:00:00', '1', 1, 0, 1, NULL, NULL);
INSERT INTO `student` VALUES ('202007020620', 46, '江婕', '2002-02-25 00:00:00', '1', 1, 0, 1, NULL, NULL);
INSERT INTO `student` VALUES ('202007020621', 46, '毕龙', '2001-09-29 00:00:00', '1', 1, 1, 1, NULL, NULL);
INSERT INTO `student` VALUES ('202007020622', 46, '顾中', '2002-01-09 00:00:00', '1', 1, 1, 1, NULL, NULL);
INSERT INTO `student` VALUES ('202007020623', 46, '罗刚', '2002-05-07 00:00:00', '1', 1, 1, 1, NULL, NULL);
INSERT INTO `student` VALUES ('202007020624', 46, '强仪', '2000-10-29 00:00:00', '1', 1, 0, 1, NULL, NULL);
INSERT INTO `student` VALUES ('202007020625', 46, '计凡', '2000-02-22 00:00:00', '1', 1, 0, 1, NULL, NULL);
INSERT INTO `student` VALUES ('202007020626', 46, '尹器桂', '2001-09-12 00:00:00', '1', 1, 0, 1, NULL, NULL);
INSERT INTO `student` VALUES ('202007020627', 46, '元玉菁', '2000-03-13 00:00:00', '1', 1, 0, 1, NULL, NULL);
INSERT INTO `student` VALUES ('202007020628', 46, '路器心', '2000-10-06 00:00:00', '1', 1, 1, 1, NULL, NULL);
INSERT INTO `student` VALUES ('202007020629', 46, '袁晶', '2000-12-23 00:00:00', '1', 1, 0, 1, NULL, NULL);
INSERT INTO `student` VALUES ('202007020630', 46, '苍中贞', '2000-08-24 00:00:00', '1', 1, 0, 1, NULL, NULL);
INSERT INTO `student` VALUES ('202007020631', 46, '苍钰勇', '2002-12-23 00:00:00', '1', 1, 1, 1, NULL, NULL);
INSERT INTO `student` VALUES ('202007020632', 46, '伍茂', '2002-06-07 00:00:00', '1', 1, 1, 1, NULL, NULL);
INSERT INTO `student` VALUES ('202007020633', 46, '颛孙桂', '2002-08-07 00:00:00', '1', 1, 0, 1, NULL, NULL);
INSERT INTO `student` VALUES ('202007020634', 46, '宰珊', '2002-10-07 00:00:00', '1', 1, 0, 1, NULL, NULL);
INSERT INTO `student` VALUES ('202007020635', 46, '董珊', '2001-03-05 00:00:00', '1', 1, 0, 1, NULL, NULL);
INSERT INTO `student` VALUES ('202007030101', 40, '宣雁', '2002-08-21 00:00:00', '1', 1, 0, 1, NULL, NULL);
INSERT INTO `student` VALUES ('202007030102', 40, '柯九倩', '2001-10-13 00:00:00', '1', 1, 0, 1, NULL, NULL);
INSERT INTO `student` VALUES ('202007030103', 40, '左玉', '2001-02-13 00:00:00', '1', 1, 0, 1, NULL, NULL);
INSERT INTO `student` VALUES ('202007030104', 40, '凤叶', '2002-10-02 00:00:00', '1', 1, 0, 1, NULL, NULL);
INSERT INTO `student` VALUES ('202007030105', 40, '侯诸都佳', '2002-08-02 00:00:00', '1', 1, 0, 1, NULL, NULL);
INSERT INTO `student` VALUES ('202007030106', 40, '孔智安', '2002-01-15 00:00:00', '1', 1, 1, 1, NULL, NULL);
INSERT INTO `student` VALUES ('202007030107', 40, '景电航', '2000-03-06 00:00:00', '1', 1, 1, 1, NULL, NULL);
INSERT INTO `student` VALUES ('202007030108', 40, '门南金凡', '2002-02-28 00:00:00', '1', 1, 0, 1, NULL, NULL);
INSERT INTO `student` VALUES ('202007030109', 40, '贝莉', '2002-06-17 00:00:00', '1', 1, 0, 1, NULL, NULL);
INSERT INTO `student` VALUES ('202007030110', 40, '东郭器海', '2002-10-10 00:00:00', '1', 1, 1, 1, NULL, NULL);
INSERT INTO `student` VALUES ('202007030111', 40, '岑无艺', '2002-10-24 00:00:00', '1', 1, 0, 1, NULL, NULL);
INSERT INTO `student` VALUES ('202007030112', 40, '石笑卿', '2002-06-01 00:00:00', '1', 1, 0, 1, NULL, NULL);
INSERT INTO `student` VALUES ('202007030113', 40, '汪贝羽', '2002-01-06 00:00:00', '1', 1, 0, 1, NULL, NULL);
INSERT INTO `student` VALUES ('202007030114', 40, '江欢', '2002-02-17 00:00:00', '1', 1, 0, 1, NULL, NULL);
INSERT INTO `student` VALUES ('202007030115', 40, '劳致', '2002-04-16 00:00:00', '1', 1, 1, 1, NULL, NULL);
INSERT INTO `student` VALUES ('202007030116', 40, '巴静', '2002-11-08 00:00:00', '1', 1, 0, 1, NULL, NULL);
INSERT INTO `student` VALUES ('202007030117', 40, '马公珊', '2002-06-28 00:00:00', '1', 1, 0, 1, NULL, NULL);
INSERT INTO `student` VALUES ('202007030118', 40, '燕信江', '2002-06-24 00:00:00', '1', 1, 1, 1, NULL, NULL);
INSERT INTO `student` VALUES ('202007030119', 40, '终孝澜', '2000-03-03 00:00:00', '1', 1, 0, 1, NULL, NULL);
INSERT INTO `student` VALUES ('202007030120', 40, '宰加贵', '2001-08-06 00:00:00', '1', 1, 1, 1, NULL, NULL);
INSERT INTO `student` VALUES ('202007030121', 40, '童竹', '2002-10-03 00:00:00', '1', 1, 0, 1, NULL, NULL);
INSERT INTO `student` VALUES ('202007030122', 40, '薛冰', '2002-09-04 00:00:00', '1', 1, 0, 1, NULL, NULL);
INSERT INTO `student` VALUES ('202007030123', 40, '吕信泽', '2001-09-16 00:00:00', '1', 1, 1, 1, NULL, NULL);
INSERT INTO `student` VALUES ('202007030124', 40, '顾顺', '2001-04-17 00:00:00', '1', 1, 1, 1, NULL, NULL);
INSERT INTO `student` VALUES ('202007030125', 40, '冀电轮', '2002-01-23 00:00:00', '1', 1, 1, 1, NULL, NULL);
INSERT INTO `student` VALUES ('202007030126', 40, '甄被腾', '2002-06-24 00:00:00', '1', 1, 1, 1, NULL, NULL);
INSERT INTO `student` VALUES ('202007030127', 40, '邢贞', '2002-06-09 00:00:00', '1', 1, 0, 1, NULL, NULL);
INSERT INTO `student` VALUES ('202007030128', 40, '谷贵', '2002-12-28 00:00:00', '1', 1, 1, 1, NULL, NULL);
INSERT INTO `student` VALUES ('202007030129', 40, '牛义昭', '2002-03-21 00:00:00', '1', 1, 0, 1, NULL, NULL);
INSERT INTO `student` VALUES ('202007030130', 40, '邵会', '2001-09-13 00:00:00', '1', 1, 1, 1, NULL, NULL);
INSERT INTO `student` VALUES ('202007030131', 40, '岑好顺', '2002-06-05 00:00:00', '1', 1, 1, 1, NULL, NULL);
INSERT INTO `student` VALUES ('202007030132', 40, '滑荔', '2002-05-17 00:00:00', '1', 1, 0, 1, NULL, NULL);
INSERT INTO `student` VALUES ('202007030133', 40, '褚信诚', '2002-08-06 00:00:00', '1', 1, 1, 1, NULL, NULL);
INSERT INTO `student` VALUES ('202007030134', 40, '水加妍', '2002-03-15 00:00:00', '1', 1, 0, 1, NULL, NULL);
INSERT INTO `student` VALUES ('202007030135', 40, '罗都叶', '2003-07-27 00:00:00', '1', 1, 0, 1, NULL, NULL);
INSERT INTO `student` VALUES ('202007030201', 43, '司寇慧', '2002-01-05 00:00:00', '1', 1, 0, 1, NULL, NULL);
INSERT INTO `student` VALUES ('202007030202', 43, '姚英', '2002-03-20 00:00:00', '1', 1, 0, 1, NULL, NULL);
INSERT INTO `student` VALUES ('202007030203', 43, '花上永', '2002-05-27 00:00:00', '1', 1, 1, 1, NULL, NULL);
INSERT INTO `student` VALUES ('202007030204', 43, '金希', '2001-05-09 00:00:00', '1', 1, 0, 1, NULL, NULL);
INSERT INTO `student` VALUES ('202007030205', 43, '郁电眉', '2001-03-14 00:00:00', '1', 1, 0, 1, NULL, NULL);
INSERT INTO `student` VALUES ('202007030206', 43, '梁段友荣', '2000-09-03 00:00:00', '1', 1, 0, 1, NULL, NULL);
INSERT INTO `student` VALUES ('202007030207', 43, '严瑗', '2002-10-08 00:00:00', '1', 1, 0, 1, NULL, NULL);
INSERT INTO `student` VALUES ('202007030208', 43, '林香', '2002-10-04 00:00:00', '1', 1, 0, 1, NULL, NULL);
INSERT INTO `student` VALUES ('202007030209', 43, '关叶', '2002-12-01 00:00:00', '1', 1, 0, 1, NULL, NULL);
INSERT INTO `student` VALUES ('202007030210', 43, '苍卡克', '2002-01-17 00:00:00', '1', 1, 1, 1, NULL, NULL);
INSERT INTO `student` VALUES ('202007030211', 43, '黄萍', '2002-03-23 00:00:00', '1', 1, 0, 1, NULL, NULL);
INSERT INTO `student` VALUES ('202007030212', 43, '文贵', '2002-11-24 00:00:00', '1', 1, 1, 1, NULL, NULL);
INSERT INTO `student` VALUES ('202007030213', 43, '褚霭', '2002-08-18 00:00:00', '1', 1, 0, 1, NULL, NULL);
INSERT INTO `student` VALUES ('202007030214', 43, '常上宁', '2001-11-18 00:00:00', '1', 1, 1, 1, NULL, NULL);
INSERT INTO `student` VALUES ('202007030215', 43, '强竹', '2002-02-21 00:00:00', '1', 1, 0, 1, NULL, NULL);
INSERT INTO `student` VALUES ('202007030216', 43, '乌秀', '2002-08-13 00:00:00', '1', 1, 0, 1, NULL, NULL);
INSERT INTO `student` VALUES ('202007030217', 43, '韩歌策', '2002-10-28 00:00:00', '1', 1, 1, 1, NULL, NULL);
INSERT INTO `student` VALUES ('202007030218', 43, '贝菊', '2002-08-01 00:00:00', '1', 1, 0, 1, NULL, NULL);
INSERT INTO `student` VALUES ('202007030219', 43, '荀善', '2002-06-14 00:00:00', '1', 1, 1, 1, NULL, NULL);
INSERT INTO `student` VALUES ('202007030220', 43, '沃家', '2002-07-27 00:00:00', '1', 1, 1, 1, NULL, NULL);
INSERT INTO `student` VALUES ('202007030221', 43, '董妍', '2001-02-18 00:00:00', '1', 1, 0, 1, NULL, NULL);
INSERT INTO `student` VALUES ('202007030222', 43, '季忠莲', '2003-05-26 00:00:00', '1', 1, 0, 1, NULL, NULL);
INSERT INTO `student` VALUES ('202007030223', 43, '宋仁素', '2002-08-21 00:00:00', '1', 1, 0, 1, NULL, NULL);
INSERT INTO `student` VALUES ('202007030224', 43, '端木友秀', '2002-12-23 00:00:00', '1', 1, 0, 1, NULL, NULL);
INSERT INTO `student` VALUES ('202007030225', 43, '童被玲', '2002-06-27 00:00:00', '1', 1, 0, 1, NULL, NULL);
INSERT INTO `student` VALUES ('202007030226', 43, '姜贝茗', '2002-11-01 00:00:00', '1', 1, 0, 1, NULL, NULL);
INSERT INTO `student` VALUES ('202007030227', 43, '强彬', '2002-04-17 00:00:00', '1', 1, 1, 1, NULL, NULL);
INSERT INTO `student` VALUES ('202007030228', 43, '景静', '2000-05-02 00:00:00', '1', 1, 0, 1, NULL, NULL);
INSERT INTO `student` VALUES ('202007030229', 43, '安国', '2002-12-10 00:00:00', '1', 1, 1, 1, NULL, NULL);
INSERT INTO `student` VALUES ('202007030230', 43, '牛舒', '2002-02-05 00:00:00', '1', 1, 0, 1, NULL, NULL);
INSERT INTO `student` VALUES ('202007030231', 43, '宁器晶', '2002-04-02 00:00:00', '1', 1, 0, 1, NULL, NULL);
INSERT INTO `student` VALUES ('202007030232', 43, '成都文', '2001-08-04 00:00:00', '1', 1, 1, 1, NULL, NULL);
INSERT INTO `student` VALUES ('202007030233', 43, '庞孝义', '2002-07-26 00:00:00', '1', 1, 1, 1, NULL, NULL);
INSERT INTO `student` VALUES ('202007030234', 43, '钱庆', '2002-05-30 00:00:00', '1', 1, 1, 1, NULL, NULL);
INSERT INTO `student` VALUES ('202007030235', 43, '许真', '2001-08-24 00:00:00', '1', 1, 0, 1, NULL, NULL);
INSERT INTO `student` VALUES ('202007030301', 48, '颜马真', '2002-12-07 00:00:00', '1', 1, 0, 1, NULL, NULL);
INSERT INTO `student` VALUES ('202007030302', 48, '沃易月', '2001-01-18 00:00:00', '1', 1, 0, 1, NULL, NULL);
INSERT INTO `student` VALUES ('202007030303', 48, '温好婉', '2002-05-08 00:00:00', '1', 1, 0, 1, NULL, NULL);
INSERT INTO `student` VALUES ('202007030304', 48, '井好清', '2002-07-24 00:00:00', '1', 1, 1, 1, NULL, NULL);
INSERT INTO `student` VALUES ('202007030305', 48, '韩瑞', '2001-09-15 00:00:00', '1', 1, 0, 1, NULL, NULL);
INSERT INTO `student` VALUES ('202007030306', 48, '毕邦', '2002-05-17 00:00:00', '1', 1, 1, 1, NULL, NULL);
INSERT INTO `student` VALUES ('202007030307', 48, '缪俊', '2002-01-21 00:00:00', '1', 1, 1, 1, NULL, NULL);
INSERT INTO `student` VALUES ('202007030308', 48, '殷笑梅', '2002-08-11 00:00:00', '1', 1, 0, 1, NULL, NULL);
INSERT INTO `student` VALUES ('202007030309', 48, '庄忠静', '2001-07-04 00:00:00', '1', 1, 0, 1, NULL, NULL);
INSERT INTO `student` VALUES ('202007030310', 48, '封星', '2002-07-10 00:00:00', '1', 1, 1, 1, NULL, NULL);
INSERT INTO `student` VALUES ('202007030311', 48, '尤礼丹', '2002-04-06 00:00:00', '1', 1, 0, 1, NULL, NULL);
INSERT INTO `student` VALUES ('202007030312', 48, '乐政', '2001-07-24 00:00:00', '1', 1, 1, 1, NULL, NULL);
INSERT INTO `student` VALUES ('202007030313', 48, '红彬', '2002-01-30 00:00:00', '1', 1, 1, 1, NULL, NULL);
INSERT INTO `student` VALUES ('202007030314', 48, '包卡莺', '2002-06-11 00:00:00', '1', 1, 0, 1, NULL, NULL);
INSERT INTO `student` VALUES ('202007030315', 48, '冉娴', '2002-12-26 00:00:00', '1', 1, 0, 1, NULL, NULL);
INSERT INTO `student` VALUES ('202007030316', 48, '张卡霭', '2002-05-18 00:00:00', '1', 1, 0, 1, NULL, NULL);
INSERT INTO `student` VALUES ('202007030317', 48, '甫尉加谦', '2002-08-06 00:00:00', '1', 1, 1, 1, NULL, NULL);
INSERT INTO `student` VALUES ('202007030318', 48, '姜敬', '2002-11-15 00:00:00', '1', 1, 1, 1, NULL, NULL);
INSERT INTO `student` VALUES ('202007030319', 48, '宣力', '2000-05-15 00:00:00', '1', 1, 1, 1, NULL, NULL);
INSERT INTO `student` VALUES ('202007030320', 48, '郁马莲', '2002-12-30 00:00:00', '1', 1, 0, 1, NULL, NULL);
INSERT INTO `student` VALUES ('202007030321', 48, '西漆莉', '2002-01-07 00:00:00', '1', 1, 0, 1, NULL, NULL);
INSERT INTO `student` VALUES ('202007030322', 48, '安红', '2002-09-10 00:00:00', '1', 1, 0, 1, NULL, NULL);
INSERT INTO `student` VALUES ('202007030323', 48, '金玉善', '2000-01-07 00:00:00', '1', 1, 1, 1, NULL, NULL);
INSERT INTO `student` VALUES ('202007030324', 48, '都荔', '2001-08-25 00:00:00', '1', 1, 0, 1, NULL, NULL);
INSERT INTO `student` VALUES ('202007030325', 48, '梅岩', '2001-06-12 00:00:00', '1', 1, 1, 1, NULL, NULL);
INSERT INTO `student` VALUES ('202007030326', 48, '林被滢', '2002-05-19 00:00:00', '1', 1, 0, 1, NULL, NULL);
INSERT INTO `student` VALUES ('202007030327', 48, '贺被素', '2002-07-08 00:00:00', '1', 1, 0, 1, NULL, NULL);
INSERT INTO `student` VALUES ('202007030328', 48, '邓义', '2001-06-21 00:00:00', '1', 1, 1, 1, NULL, NULL);
INSERT INTO `student` VALUES ('202007030329', 48, '平亮', '2002-07-05 00:00:00', '1', 1, 1, 1, NULL, NULL);
INSERT INTO `student` VALUES ('202007030330', 48, '翁菁', '2002-09-14 00:00:00', '1', 1, 0, 1, NULL, NULL);
INSERT INTO `student` VALUES ('202007030331', 48, '东郭佳', '2001-02-28 00:00:00', '1', 1, 0, 1, NULL, NULL);
INSERT INTO `student` VALUES ('202007030332', 48, '符鹏', '2002-02-05 00:00:00', '1', 1, 1, 1, NULL, NULL);
INSERT INTO `student` VALUES ('202007030333', 48, '包义', '2002-05-14 00:00:00', '1', 1, 1, 1, NULL, NULL);
INSERT INTO `student` VALUES ('202007030334', 48, '喻炎', '2001-02-19 00:00:00', '1', 1, 1, 1, NULL, NULL);
INSERT INTO `student` VALUES ('456321789234', 51, '张三', '2021-12-14 00:00:00', '1', 1, 1, 1, 'null', 0);
INSERT INTO `student` VALUES ('777777777777', 49, '李四', '2021-12-02 00:00:00', '1', 1, 1, 1, 'null', 0);
INSERT INTO `student` VALUES ('987654321123', 38, 'lisi', '2021-12-07 00:00:00', '123456', 1, 1, 1, 'null', 0);
INSERT INTO `student` VALUES ('987654321125', 41, '13213', '2021-12-05 00:00:00', '1', 1, 1, 2, 'null', 0);

-- ----------------------------
-- Table structure for teacher
-- ----------------------------
DROP TABLE IF EXISTS `teacher`;
CREATE TABLE `teacher`  (
  `teaNum` char(8) CHARACTER SET utf8mb4 COLLATE utf8mb4_0900_ai_ci NOT NULL,
  `teaName` varchar(20) CHARACTER SET utf8mb4 COLLATE utf8mb4_0900_ai_ci NOT NULL,
  `teaTitle` varchar(20) CHARACTER SET utf8mb4 COLLATE utf8mb4_0900_ai_ci NOT NULL,
  `teaTypeId` varchar(20) CHARACTER SET utf8mb4 COLLATE utf8mb4_0900_ai_ci NOT NULL,
  `teaBtd` datetime NOT NULL,
  `pwd` varchar(20) CHARACTER SET utf8mb4 COLLATE utf8mb4_0900_ai_ci NOT NULL,
  `state` int NOT NULL,
  `roleId` int NOT NULL,
  `key1` varchar(20) CHARACTER SET utf8mb4 COLLATE utf8mb4_0900_ai_ci NULL DEFAULT NULL,
  `key2` int NULL DEFAULT NULL,
  PRIMARY KEY (`teaNum`) USING BTREE,
  INDEX `roleId_FK`(`roleId`) USING BTREE,
  CONSTRAINT `roleId_FK` FOREIGN KEY (`roleId`) REFERENCES `role` (`roleId`) ON DELETE CASCADE ON UPDATE CASCADE
) ENGINE = InnoDB CHARACTER SET = utf8mb4 COLLATE = utf8mb4_0900_ai_ci ROW_FORMAT = Dynamic;

-- ----------------------------
-- Records of teacher
-- ----------------------------
INSERT INTO `teacher` VALUES ('12345678', 'Admin', '教授', '1', '2021-12-06 00:00:00', '1', 1, 2, 'null', 0);
INSERT INTO `teacher` VALUES ('19800201', '金明强', '教授', '1', '1980-06-02 00:00:00', '1', 1, 1, NULL, NULL);
INSERT INTO `teacher` VALUES ('19800402', '李玲芳', '教授', '1', '1980-09-29 00:00:00', '1', 1, 1, NULL, NULL);
INSERT INTO `teacher` VALUES ('19810202', '王继辉', '副教授', '1', '1981-12-18 00:00:00', '1', 1, 1, NULL, NULL);
INSERT INTO `teacher` VALUES ('19820103', '钱秀辉', '讲师', '1', '1982-04-16 00:00:00', '1', 1, 1, NULL, NULL);
INSERT INTO `teacher` VALUES ('19820202', '王军围', '副教授', '1', '1982-10-06 00:00:00', '1', 1, 1, NULL, NULL);
INSERT INTO `teacher` VALUES ('19820501', '张龙辉', '教授', '1', '1982-08-04 00:00:00', '1', 1, 1, NULL, NULL);
INSERT INTO `teacher` VALUES ('19830302', '赵明立', '助教', '2', '1983-06-08 00:00:00', '1', 1, 1, NULL, NULL);
INSERT INTO `teacher` VALUES ('19830503', '张军立', '讲师', '1', '1983-12-06 00:00:00', '1', 1, 1, NULL, NULL);
INSERT INTO `teacher` VALUES ('19840302', '魏玉刚', '讲师', '1', '1984-03-05 00:00:00', '1', 1, 1, NULL, NULL);
INSERT INTO `teacher` VALUES ('19860102', '王永', '教授', '1', '1986-05-17 00:00:00', '1', 1, 1, NULL, NULL);
INSERT INTO `teacher` VALUES ('19860209', '金明辉', '教授', '1', '1981-07-05 00:00:00', '1', 1, 1, NULL, NULL);
INSERT INTO `teacher` VALUES ('19860501', '王慧芳', '副教授', '1', '1986-01-19 00:00:00', '1', 1, 1, NULL, NULL);
INSERT INTO `teacher` VALUES ('19880001', '魏永立', '助教', '2', '1988-12-09 00:00:00', '1', 1, 1, NULL, NULL);
INSERT INTO `teacher` VALUES ('19880402', '钱玲立', '副教授', '1', '1988-11-29 00:00:00', '1', 1, 1, NULL, NULL);
INSERT INTO `teacher` VALUES ('19890002', '钱兴玲', '副教授', '1', '1989-08-29 00:00:00', '1', 1, 1, NULL, NULL);
INSERT INTO `teacher` VALUES ('19890301', '钱玲芳', '助教', '1', '1989-10-06 00:00:00', '1', 1, 1, NULL, NULL);
INSERT INTO `teacher` VALUES ('19890403', '金玉围', '助教', '2', '1989-09-20 00:00:00', '1', 1, 1, NULL, NULL);
INSERT INTO `teacher` VALUES ('19900001', '金秀刚', '助教', '2', '1990-12-14 00:00:00', '1', 1, 1, NULL, NULL);
INSERT INTO `teacher` VALUES ('19910401', '李玲辉', '副教授', '1', '1991-12-19 00:00:00', '1', 1, 1, NULL, NULL);
INSERT INTO `teacher` VALUES ('19920001', '魏秀芳', '副教授', '1', '1992-01-09 00:00:00', '1', 1, 1, NULL, NULL);

-- ----------------------------
-- View structure for avgscore
-- ----------------------------
DROP VIEW IF EXISTS `avgscore`;
CREATE ALGORITHM = UNDEFINED SQL SECURITY DEFINER VIEW `avgscore` AS select `score`.`esId` AS `esId`,avg(`score`.`score`) AS `avg(score)`,max(`score`.`score`) AS `max(score)`,min(`score`.`score`) AS `min(score)`,count(0) AS `参加人数`,`s2`.`amount` AS `及格人数` from (`score` join (select count(0) AS `amount`,`score`.`esId` AS `esId` from `score` where (`score`.`score` >= 60) group by `score`.`esId`) `s2` on((`s2`.`esId` = `score`.`esId`))) group by `score`.`esId` order by `score`.`esId`;

-- ----------------------------
-- View structure for stu-lesnum_lesname_score
-- ----------------------------
DROP VIEW IF EXISTS `stu-lesnum_lesname_score`;
CREATE ALGORITHM = UNDEFINED SQL SECURITY DEFINER VIEW `stu-lesnum_lesname_score` AS select `student`.`stuNum` AS `stuNum`,`student`.`stuName` AS `stuName`,`lesson`.`lesId` AS `lesId`,`lesson`.`lesName` AS `lesName`,`score`.`score` AS `score`,`coursearrangement`.`teaNum` AS `teaNum`,`classinfo`.`clsId` AS `clsid` from ((((`classinfo` left join (`student` left join `score` on((`student`.`stuNum` = `score`.`stuNum`))) on((`classinfo`.`clsId` = `student`.`clsId`))) join `examschedule` on((`examschedule`.`esId` = `score`.`esId`))) join `coursearrangement` on((`coursearrangement`.`caId` = `examschedule`.`caId`))) join `lesson` on((`coursearrangement`.`lesId` = `lesson`.`lesId`))) order by `score`.`stuNum`;

-- ----------------------------
-- View structure for test
-- ----------------------------
DROP VIEW IF EXISTS `test`;
CREATE ALGORITHM = UNDEFINED SQL SECURITY DEFINER VIEW `test` AS select `classinfo`.`clsName` AS `clsName`,`lesson`.`lesName` AS `lesName`,`classinfo`.`clsId` AS `clsId`,`score`.`esId` AS `esId`,min(`score`.`score`) AS `min_score`,avg(`score`.`score`) AS `avg_score`,max(`score`.`score`) AS `max_score` from ((((`classinfo` left join (`student` left join `score` on((`student`.`stuNum` = `score`.`stuNum`))) on((`classinfo`.`clsId` = `student`.`clsId`))) join `examschedule` on((`examschedule`.`esId` = `score`.`esId`))) join `coursearrangement` on((`coursearrangement`.`caId` = `examschedule`.`caId`))) join `lesson` on((`coursearrangement`.`lesId` = `lesson`.`lesId`))) group by `classinfo`.`clsId`,`score`.`esId`;

-- ----------------------------
-- Procedure structure for findCA
-- ----------------------------
DROP PROCEDURE IF EXISTS `findCA`;
delimiter ;;
CREATE PROCEDURE `findCA`(in teaId int)
begin
	SELECT classinfo.clsId, lesson.lesName, classinfo.clsName, coursearrangement.`year`, coursearrangement.semester FROM coursearrangement
		INNER JOIN classinfo ON (classinfo.clsId = coursearrangement.clsId)
		INNER JOIN lesson on (coursearrangement.lesId = lesson.lesId)
		WHERE coursearrangement.teaNum = teaId;
 end
;;
delimiter ;

-- ----------------------------
-- Procedure structure for getavgScore
-- ----------------------------
DROP PROCEDURE IF EXISTS `getavgScore`;
delimiter ;;
CREATE PROCEDURE `getavgScore`(in clsnum int,
 	out minScore decimal(8,2),
 	out avgScore decimal(8,2),
 	out maxScore decimal(8,2))
begin
	SELECT avg(score) INTO maxscore from score
	GROUP BY esId;
 end
;;
delimiter ;

-- ----------------------------
-- Procedure structure for getmaxScore
-- ----------------------------
DROP PROCEDURE IF EXISTS `getmaxScore`;
delimiter ;;
CREATE PROCEDURE `getmaxScore`(in clsnum int,
 	out minScore decimal(8,2),
 	out avgScore decimal(8,2),
 	out maxScore decimal(8,2))
begin
	SELECT MAX(score) INTO maxscore from score
	GROUP BY esId;
 end
;;
delimiter ;

-- ----------------------------
-- Procedure structure for getScore
-- ----------------------------
DROP PROCEDURE IF EXISTS `getScore`;
delimiter ;;
CREATE PROCEDURE `getScore`(in clsnum int,
	in isGetCount INT,
	in nowPage int,
	in pageSize int)
begin
		if isGetCount = 0 THEN
				if clsnum = 0 THEN
					SELECT count(*) FROM nullTable right join (SELECT classinfo.grade, classinfo.clsName, lesson.lesName, score.esId, MIN(score.score) as '最低分', AVG(score.score) '平均分', max(score.score) '最高分', getOver.amount from score 
						RIGHT JOIN student ON (student.stuNum = score.stuNum)
						RIGHT JOIN classinfo on (classinfo.clsId = student.clsId)
						INNER JOIN examschedule ON (examschedule.esId = score.esId)
						INNER JOIN coursearrangement on (coursearrangement.caId = examschedule.caId)
						INNER JOIN lesson on (coursearrangement.lesId = lesson.lesId)
						INNER JOIN (
								SELECT COUNT(*) as amount, classinfo.clsId as clsId, lesson.lesId as lesId from score 
								RIGHT JOIN student ON (student.stuNum = score.stuNum)
								RIGHT JOIN classinfo on (classinfo.clsId = student.clsId)
								RIGHT JOIN examschedule ON (examschedule.esId = score.esId)
								RIGHT JOIN coursearrangement on (coursearrangement.caId = examschedule.caId)
								RIGHT JOIN lesson on (coursearrangement.lesId = lesson.lesId)
								WHERE score.score >= 60
								GROUP BY coursearrangement.caId) as getOver on (getOver.clsId = classinfo.clsId and getOver.lesId = lesson.lesId)
						GROUP BY classinfo.clsId , esId) as bbb on(bbb.amount = nullTable.amount);
				ELSE
						SELECT count(*) FROM nullTable right join (SELECT classinfo.grade, classinfo.clsName, lesson.lesName, score.esId, MIN(score.score) as '最低分', AVG(score.score) '平均分', max(score.score) '最高分', getOver.amount from score 
						RIGHT JOIN student ON (student.stuNum = score.stuNum)
						RIGHT JOIN classinfo on (classinfo.clsId = student.clsId)
						INNER JOIN examschedule ON (examschedule.esId = score.esId)
						INNER JOIN coursearrangement on (coursearrangement.caId = examschedule.caId)
						INNER JOIN lesson on (coursearrangement.lesId = lesson.lesId)
						INNER JOIN (
								SELECT COUNT(*) as amount, classinfo.clsId as clsId, lesson.lesId as lesId from score 
								RIGHT JOIN student ON (student.stuNum = score.stuNum)
								RIGHT JOIN classinfo on (classinfo.clsId = student.clsId)
								RIGHT JOIN examschedule ON (examschedule.esId = score.esId)
								RIGHT JOIN coursearrangement on (coursearrangement.caId = examschedule.caId)
								RIGHT JOIN lesson on (coursearrangement.lesId = lesson.lesId)
								WHERE classinfo.clsId = clsnum and score.score >= 60
								GROUP BY coursearrangement.caId) as getOver on (getOver.clsId = classinfo.clsId and getOver.lesId = lesson.lesId)
						WHERE classinfo.clsId = clsnum
						GROUP BY classinfo.clsId , esId) as bbb on(bbb.amount = nullTable.amount);
					end if;
		else 
			if clsnum = 0 THEN
				SELECT classinfo.grade, classinfo.clsName, lesson.lesName, score.esId, MIN(score.score) as '最低分', AVG(score.score) '平均分', max(score.score) '最高分', getOver.amount '及格人数' from score 
				RIGHT JOIN student ON (student.stuNum = score.stuNum)
				RIGHT JOIN classinfo on (classinfo.clsId = student.clsId)
				INNER JOIN examschedule ON (examschedule.esId = score.esId)
				INNER JOIN coursearrangement on (coursearrangement.caId = examschedule.caId)
				INNER JOIN lesson on (coursearrangement.lesId = lesson.lesId)
				INNER JOIN (
						SELECT COUNT(*) as amount, classinfo.clsId as clsId, lesson.lesId as lesId from score 
						RIGHT JOIN student ON (student.stuNum = score.stuNum)
						RIGHT JOIN classinfo on (classinfo.clsId = student.clsId)
						RIGHT JOIN examschedule ON (examschedule.esId = score.esId)
						RIGHT JOIN coursearrangement on (coursearrangement.caId = examschedule.caId)
						RIGHT JOIN lesson on (coursearrangement.lesId = lesson.lesId)
						WHERE score.score >= 60
						GROUP BY coursearrangement.caId) as getOver on (getOver.clsId = classinfo.clsId and getOver.lesId = lesson.lesId)
				GROUP BY classinfo.clsId , esId
				ORDER BY classinfo.clsId LIMIT nowPage, pageSize;
			ELSE
				SELECT classinfo.grade, classinfo.clsName, lesson.lesName, score.esId, MIN(score.score) as '最低分', AVG(score.score) '平均分', max(score.score) '最高分', getOver.amount '及格人数' from score 
				RIGHT JOIN student ON (student.stuNum = score.stuNum)
				RIGHT JOIN classinfo on (classinfo.clsId = student.clsId)
				INNER JOIN examschedule ON (examschedule.esId = score.esId)
				INNER JOIN coursearrangement on (coursearrangement.caId = examschedule.caId)
				INNER JOIN lesson on (coursearrangement.lesId = lesson.lesId)
				INNER JOIN (
						SELECT COUNT(*) as amount, classinfo.clsId as clsId, lesson.lesId as lesId from score 
						RIGHT JOIN student ON (student.stuNum = score.stuNum)
						RIGHT JOIN classinfo on (classinfo.clsId = student.clsId)
						RIGHT JOIN examschedule ON (examschedule.esId = score.esId)
						RIGHT JOIN coursearrangement on (coursearrangement.caId = examschedule.caId)
						RIGHT JOIN lesson on (coursearrangement.lesId = lesson.lesId)
						WHERE classinfo.clsId = clsnum and score.score >= 60
						GROUP BY coursearrangement.caId) as getOver on (getOver.clsId = classinfo.clsId and getOver.lesId = lesson.lesId)
				WHERE classinfo.clsId = clsnum
				GROUP BY classinfo.clsId , esId LIMIT nowPage, pageSize;
				END if ;
		end if;
end
;;
delimiter ;

-- ----------------------------
-- Procedure structure for testhellp
-- ----------------------------
DROP PROCEDURE IF EXISTS `testhellp`;
delimiter ;;
CREATE PROCEDURE `testhellp`(in teaId int)
begin
	SELECT lesson.lesName, classinfo.clsName, coursearrangement.`year`, coursearrangement.semester FROM coursearrangement
		INNER JOIN classinfo ON (classinfo.clsId = coursearrangement.clsId)
		INNER JOIN lesson on (coursearrangement.lesId = lesson.lesId)
		WHERE coursearrangement.teaNum = teaId;
 end
;;
delimiter ;

-- ----------------------------
-- Triggers structure for table student
-- ----------------------------
DROP TRIGGER IF EXISTS `tri_after_delete_student`;
delimiter ;;
CREATE TRIGGER `tri_after_delete_student` AFTER DELETE ON `student` FOR EACH ROW BEGIN
	update classinfo set stuCount = stuCount - 1 where clsId = old.clsId;
END
;;
delimiter ;

-- ----------------------------
-- Triggers structure for table student
-- ----------------------------
DROP TRIGGER IF EXISTS `tri_before_insert_student`;
delimiter ;;
CREATE TRIGGER `tri_before_insert_student` BEFORE INSERT ON `student` FOR EACH ROW BEGIN
	update classinfo set stuCount = stuCount + 1 where clsId = new.clsId;
END
;;
delimiter ;

SET FOREIGN_KEY_CHECKS = 1;
